CREATE TABLE IF NOT EXISTS "auth_group" ("id" integer NOT NULL PRIMARY KEY AUTOINCREMENT, "name" varchar(150) NOT NULL UNIQUE);
CREATE UNIQUE INDEX "auth_group_permissions_group_id_permission_id_0cd325b0_uniq" ON "auth_group_permissions" ("group_id", "permission_id");
CREATE INDEX IF NOT EXISTS "auth_group_permissions_group_id_b120cbf9" ON "auth_group_permissions" ("group_id");
CREATE INDEX IF NOT EXISTS "auth_group_permissions_permission_id_84c5c92e" ON "auth_group_permissions" ("permission_id");
CREATE UNIQUE INDEX "auth_user_groups_user_id_group_id_94350c0c_uniq" ON "auth_user_groups" ("user_id", "group_id");
CREATE INDEX IF NOT EXISTS "auth_user_groups_user_id_6a12ed8b" ON "auth_user_groups" ("user_id");
CREATE INDEX IF NOT EXISTS "auth_user_groups_group_id_97559544" ON "auth_user_groups" ("group_id");
CREATE UNIQUE INDEX "auth_user_user_permissions_user_id_permission_id_14a6b632_uniq" ON "auth_user_user_permissions" ("user_id", "permission_id");
CREATE INDEX IF NOT EXISTS "auth_user_user_permissions_user_id_a95ead1b" ON "auth_user_user_permissions" ("user_id");
CREATE INDEX IF NOT EXISTS "auth_user_user_permissions_permission_id_1fbb5f2c" ON "auth_user_user_permissions" ("permission_id");
CREATE INDEX IF NOT EXISTS "django_admin_log_content_type_id_c4bce8eb" ON "django_admin_log" ("content_type_id");
CREATE INDEX IF NOT EXISTS "django_admin_log_user_id_c564eba6" ON "django_admin_log" ("user_id");
CREATE UNIQUE INDEX "django_content_type_app_label_model_76bd3d3b_uniq" ON "django_content_type" ("app_label", "model");
CREATE UNIQUE INDEX "auth_permission_content_type_id_codename_01ab375a_uniq" ON "auth_permission" ("content_type_id", "codename");
CREATE INDEX IF NOT EXISTS "auth_permission_content_type_id_2f476e4b" ON "auth_permission" ("content_type_id");
CREATE INDEX IF NOT EXISTS "django_session_expire_date_a5c62663" ON "django_session" ("expire_date");
CREATE INDEX IF NOT EXISTS "portfolio_projectimages_project_id_15d31b95" ON "portfolio_projectimages" ("project_id");
CREATE INDEX IF NOT EXISTS "portfolio_jobs_jobs_for_id_5ff2bcd3" ON "portfolio_jobs" ("jobs_for_id");
CREATE INDEX IF NOT EXISTS "portfolio_course_lectures_course_id_2331758b" ON "portfolio_course_lectures" ("course_id");
CREATE INDEX IF NOT EXISTS "portfolio_course_benefits_course_id_2578314e" ON "portfolio_course_benefits" ("course_id");
CREATE INDEX IF NOT EXISTS "portfolio_course_requirements_course_id_d766a03d" ON "portfolio_course_requirements" ("course_id");
CREATE INDEX IF NOT EXISTS "portfolio_course_reviews_course_id_c0ea4d57" ON "portfolio_course_reviews" ("course_id");
CREATE INDEX IF NOT EXISTS "portfolio_courses_videos_course_id_ad0be848" ON "portfolio_courses_videos" ("course_id");
CREATE TABLE IF NOT EXISTS "auth_group_permissions" ("id" integer NOT NULL PRIMARY KEY AUTOINCREMENT, "group_id" integer NOT NULL REFERENCES "auth_group" ("id") DEFERRABLE INITIALLY DEFERRED, "permission_id" integer NOT NULL REFERENCES "auth_permission" ("id") DEFERRABLE INITIALLY DEFERRED);
CREATE UNIQUE INDEX "auth_group_permissions_group_id_permission_id_0cd325b0_uniq" ON "auth_group_permissions" ("group_id", "permission_id");
CREATE INDEX IF NOT EXISTS "auth_group_permissions_group_id_b120cbf9" ON "auth_group_permissions" ("group_id");
CREATE INDEX IF NOT EXISTS "auth_group_permissions_permission_id_84c5c92e" ON "auth_group_permissions" ("permission_id");
CREATE UNIQUE INDEX "auth_user_groups_user_id_group_id_94350c0c_uniq" ON "auth_user_groups" ("user_id", "group_id");
CREATE INDEX IF NOT EXISTS "auth_user_groups_user_id_6a12ed8b" ON "auth_user_groups" ("user_id");
CREATE INDEX IF NOT EXISTS "auth_user_groups_group_id_97559544" ON "auth_user_groups" ("group_id");
CREATE UNIQUE INDEX "auth_user_user_permissions_user_id_permission_id_14a6b632_uniq" ON "auth_user_user_permissions" ("user_id", "permission_id");
CREATE INDEX IF NOT EXISTS "auth_user_user_permissions_user_id_a95ead1b" ON "auth_user_user_permissions" ("user_id");
CREATE INDEX IF NOT EXISTS "auth_user_user_permissions_permission_id_1fbb5f2c" ON "auth_user_user_permissions" ("permission_id");
CREATE INDEX IF NOT EXISTS "django_admin_log_content_type_id_c4bce8eb" ON "django_admin_log" ("content_type_id");
CREATE INDEX IF NOT EXISTS "django_admin_log_user_id_c564eba6" ON "django_admin_log" ("user_id");
CREATE UNIQUE INDEX "django_content_type_app_label_model_76bd3d3b_uniq" ON "django_content_type" ("app_label", "model");
CREATE UNIQUE INDEX "auth_permission_content_type_id_codename_01ab375a_uniq" ON "auth_permission" ("content_type_id", "codename");
CREATE INDEX IF NOT EXISTS "auth_permission_content_type_id_2f476e4b" ON "auth_permission" ("content_type_id");
CREATE INDEX IF NOT EXISTS "django_session_expire_date_a5c62663" ON "django_session" ("expire_date");
CREATE INDEX IF NOT EXISTS "portfolio_projectimages_project_id_15d31b95" ON "portfolio_projectimages" ("project_id");
CREATE INDEX IF NOT EXISTS "portfolio_jobs_jobs_for_id_5ff2bcd3" ON "portfolio_jobs" ("jobs_for_id");
CREATE INDEX IF NOT EXISTS "portfolio_course_lectures_course_id_2331758b" ON "portfolio_course_lectures" ("course_id");
CREATE INDEX IF NOT EXISTS "portfolio_course_benefits_course_id_2578314e" ON "portfolio_course_benefits" ("course_id");
CREATE INDEX IF NOT EXISTS "portfolio_course_requirements_course_id_d766a03d" ON "portfolio_course_requirements" ("course_id");
CREATE INDEX IF NOT EXISTS "portfolio_course_reviews_course_id_c0ea4d57" ON "portfolio_course_reviews" ("course_id");
CREATE INDEX IF NOT EXISTS "portfolio_courses_videos_course_id_ad0be848" ON "portfolio_courses_videos" ("course_id");
CREATE TABLE IF NOT EXISTS "auth_permission" ("id" integer NOT NULL PRIMARY KEY AUTOINCREMENT, "content_type_id" integer NOT NULL REFERENCES "django_content_type" ("id") DEFERRABLE INITIALLY DEFERRED, "codename" varchar(100) NOT NULL, "name" varchar(255) NOT NULL);
INSERT INTO "auth_permission" VALUES(1,1,'add_logentry','Can add log entry');
INSERT INTO "auth_permission" VALUES(2,1,'change_logentry','Can change log entry');
INSERT INTO "auth_permission" VALUES(3,1,'delete_logentry','Can delete log entry');
INSERT INTO "auth_permission" VALUES(4,1,'view_logentry','Can view log entry');
INSERT INTO "auth_permission" VALUES(5,2,'add_permission','Can add permission');
INSERT INTO "auth_permission" VALUES(6,2,'change_permission','Can change permission');
INSERT INTO "auth_permission" VALUES(7,2,'delete_permission','Can delete permission');
INSERT INTO "auth_permission" VALUES(8,2,'view_permission','Can view permission');
INSERT INTO "auth_permission" VALUES(9,3,'add_group','Can add group');
INSERT INTO "auth_permission" VALUES(10,3,'change_group','Can change group');
INSERT INTO "auth_permission" VALUES(11,3,'delete_group','Can delete group');
INSERT INTO "auth_permission" VALUES(12,3,'view_group','Can view group');
INSERT INTO "auth_permission" VALUES(13,4,'add_user','Can add user');
INSERT INTO "auth_permission" VALUES(14,4,'change_user','Can change user');
INSERT INTO "auth_permission" VALUES(15,4,'delete_user','Can delete user');
INSERT INTO "auth_permission" VALUES(16,4,'view_user','Can view user');
INSERT INTO "auth_permission" VALUES(17,5,'add_contenttype','Can add content type');
INSERT INTO "auth_permission" VALUES(18,5,'change_contenttype','Can change content type');
INSERT INTO "auth_permission" VALUES(19,5,'delete_contenttype','Can delete content type');
INSERT INTO "auth_permission" VALUES(20,5,'view_contenttype','Can view content type');
INSERT INTO "auth_permission" VALUES(21,6,'add_session','Can add session');
INSERT INTO "auth_permission" VALUES(22,6,'change_session','Can change session');
INSERT INTO "auth_permission" VALUES(23,6,'delete_session','Can delete session');
INSERT INTO "auth_permission" VALUES(24,6,'view_session','Can view session');
INSERT INTO "auth_permission" VALUES(25,7,'add_aboutme','Can add about me');
INSERT INTO "auth_permission" VALUES(26,7,'change_aboutme','Can change about me');
INSERT INTO "auth_permission" VALUES(27,7,'delete_aboutme','Can delete about me');
INSERT INTO "auth_permission" VALUES(28,7,'view_aboutme','Can view about me');
INSERT INTO "auth_permission" VALUES(29,8,'add_blog','Can add blog');
INSERT INTO "auth_permission" VALUES(30,8,'change_blog','Can change blog');
INSERT INTO "auth_permission" VALUES(31,8,'delete_blog','Can delete blog');
INSERT INTO "auth_permission" VALUES(32,8,'view_blog','Can view blog');
INSERT INTO "auth_permission" VALUES(33,9,'add_service','Can add service');
INSERT INTO "auth_permission" VALUES(34,9,'change_service','Can change service');
INSERT INTO "auth_permission" VALUES(35,9,'delete_service','Can delete service');
INSERT INTO "auth_permission" VALUES(36,9,'view_service','Can view service');
INSERT INTO "auth_permission" VALUES(37,10,'add_skill','Can add skill');
INSERT INTO "auth_permission" VALUES(38,10,'change_skill','Can change skill');
INSERT INTO "auth_permission" VALUES(39,10,'delete_skill','Can delete skill');
INSERT INTO "auth_permission" VALUES(40,10,'view_skill','Can view skill');
INSERT INTO "auth_permission" VALUES(41,11,'add_statistics','Can add statistics');
INSERT INTO "auth_permission" VALUES(42,11,'change_statistics','Can change statistics');
INSERT INTO "auth_permission" VALUES(43,11,'delete_statistics','Can delete statistics');
INSERT INTO "auth_permission" VALUES(44,11,'view_statistics','Can view statistics');
INSERT INTO "auth_permission" VALUES(45,12,'add_testimonial','Can add testimonial');
INSERT INTO "auth_permission" VALUES(46,12,'change_testimonial','Can change testimonial');
INSERT INTO "auth_permission" VALUES(47,12,'delete_testimonial','Can delete testimonial');
INSERT INTO "auth_permission" VALUES(48,12,'view_testimonial','Can view testimonial');
INSERT INTO "auth_permission" VALUES(49,13,'add_portfolio','Can add portfolio');
INSERT INTO "auth_permission" VALUES(50,13,'change_portfolio','Can change portfolio');
INSERT INTO "auth_permission" VALUES(51,13,'delete_portfolio','Can delete portfolio');
INSERT INTO "auth_permission" VALUES(52,13,'view_portfolio','Can view portfolio');
INSERT INTO "auth_permission" VALUES(53,14,'add_projectimages','Can add project images');
INSERT INTO "auth_permission" VALUES(54,14,'change_projectimages','Can change project images');
INSERT INTO "auth_permission" VALUES(55,14,'delete_projectimages','Can delete project images');
INSERT INTO "auth_permission" VALUES(56,14,'view_projectimages','Can view project images');
INSERT INTO "auth_permission" VALUES(57,15,'add_jobs','Can add jobs');
INSERT INTO "auth_permission" VALUES(58,15,'change_jobs','Can change jobs');
INSERT INTO "auth_permission" VALUES(59,15,'delete_jobs','Can delete jobs');
INSERT INTO "auth_permission" VALUES(60,15,'view_jobs','Can view jobs');
INSERT INTO "auth_permission" VALUES(61,16,'add_certifications','Can add certifications');
INSERT INTO "auth_permission" VALUES(62,16,'change_certifications','Can change certifications');
INSERT INTO "auth_permission" VALUES(63,16,'delete_certifications','Can delete certifications');
INSERT INTO "auth_permission" VALUES(64,16,'view_certifications','Can view certifications');
INSERT INTO "auth_permission" VALUES(65,17,'add_courses_videos','Can add courses_ videos');
INSERT INTO "auth_permission" VALUES(66,17,'change_courses_videos','Can change courses_ videos');
INSERT INTO "auth_permission" VALUES(67,17,'delete_courses_videos','Can delete courses_ videos');
INSERT INTO "auth_permission" VALUES(68,17,'view_courses_videos','Can view courses_ videos');
INSERT INTO "auth_permission" VALUES(69,18,'add_course_lectures','Can add course_ lectures');
INSERT INTO "auth_permission" VALUES(70,18,'change_course_lectures','Can change course_ lectures');
INSERT INTO "auth_permission" VALUES(71,18,'delete_course_lectures','Can delete course_ lectures');
INSERT INTO "auth_permission" VALUES(72,18,'view_course_lectures','Can view course_ lectures');
INSERT INTO "auth_permission" VALUES(73,19,'add_courses','Can add courses');
INSERT INTO "auth_permission" VALUES(74,19,'change_courses','Can change courses');
INSERT INTO "auth_permission" VALUES(75,19,'delete_courses','Can delete courses');
INSERT INTO "auth_permission" VALUES(76,19,'view_courses','Can view courses');
INSERT INTO "auth_permission" VALUES(77,20,'add_course_benefits','Can add course_ benefits');
INSERT INTO "auth_permission" VALUES(78,20,'change_course_benefits','Can change course_ benefits');
INSERT INTO "auth_permission" VALUES(79,20,'delete_course_benefits','Can delete course_ benefits');
INSERT INTO "auth_permission" VALUES(80,20,'view_course_benefits','Can view course_ benefits');
INSERT INTO "auth_permission" VALUES(81,21,'add_course_requirements','Can add course_ requirements');
INSERT INTO "auth_permission" VALUES(82,21,'change_course_requirements','Can change course_ requirements');
INSERT INTO "auth_permission" VALUES(83,21,'delete_course_requirements','Can delete course_ requirements');
INSERT INTO "auth_permission" VALUES(84,21,'view_course_requirements','Can view course_ requirements');
INSERT INTO "auth_permission" VALUES(85,22,'add_course_reviews','Can add course_ reviews');
INSERT INTO "auth_permission" VALUES(86,22,'change_course_reviews','Can change course_ reviews');
INSERT INTO "auth_permission" VALUES(87,22,'delete_course_reviews','Can delete course_ reviews');
INSERT INTO "auth_permission" VALUES(88,22,'view_course_reviews','Can view course_ reviews');
INSERT INTO "auth_permission" VALUES(89,23,'add_course_tasks','Can add course_ tasks');
INSERT INTO "auth_permission" VALUES(90,23,'change_course_tasks','Can change course_ tasks');
INSERT INTO "auth_permission" VALUES(91,23,'delete_course_tasks','Can delete course_ tasks');
INSERT INTO "auth_permission" VALUES(92,23,'view_course_tasks','Can view course_ tasks');
INSERT INTO "auth_permission" VALUES(93,24,'add_courses_tasks','Can add courses_ tasks');
INSERT INTO "auth_permission" VALUES(94,24,'change_courses_tasks','Can change courses_ tasks');
INSERT INTO "auth_permission" VALUES(95,24,'delete_courses_tasks','Can delete courses_ tasks');
INSERT INTO "auth_permission" VALUES(96,24,'view_courses_tasks','Can view courses_ tasks');
INSERT INTO "auth_permission" VALUES(97,25,'add_course_homework','Can add course_ home work');
INSERT INTO "auth_permission" VALUES(98,25,'change_course_homework','Can change course_ home work');
INSERT INTO "auth_permission" VALUES(99,25,'delete_course_homework','Can delete course_ home work');
INSERT INTO "auth_permission" VALUES(100,25,'view_course_homework','Can view course_ home work');
CREATE UNIQUE INDEX "auth_group_permissions_group_id_permission_id_0cd325b0_uniq" ON "auth_group_permissions" ("group_id", "permission_id");
CREATE INDEX IF NOT EXISTS "auth_group_permissions_group_id_b120cbf9" ON "auth_group_permissions" ("group_id");
CREATE INDEX IF NOT EXISTS "auth_group_permissions_permission_id_84c5c92e" ON "auth_group_permissions" ("permission_id");
CREATE UNIQUE INDEX "auth_user_groups_user_id_group_id_94350c0c_uniq" ON "auth_user_groups" ("user_id", "group_id");
CREATE INDEX IF NOT EXISTS "auth_user_groups_user_id_6a12ed8b" ON "auth_user_groups" ("user_id");
CREATE INDEX IF NOT EXISTS "auth_user_groups_group_id_97559544" ON "auth_user_groups" ("group_id");
CREATE UNIQUE INDEX "auth_user_user_permissions_user_id_permission_id_14a6b632_uniq" ON "auth_user_user_permissions" ("user_id", "permission_id");
CREATE INDEX IF NOT EXISTS "auth_user_user_permissions_user_id_a95ead1b" ON "auth_user_user_permissions" ("user_id");
CREATE INDEX IF NOT EXISTS "auth_user_user_permissions_permission_id_1fbb5f2c" ON "auth_user_user_permissions" ("permission_id");
CREATE INDEX IF NOT EXISTS "django_admin_log_content_type_id_c4bce8eb" ON "django_admin_log" ("content_type_id");
CREATE INDEX IF NOT EXISTS "django_admin_log_user_id_c564eba6" ON "django_admin_log" ("user_id");
CREATE UNIQUE INDEX "django_content_type_app_label_model_76bd3d3b_uniq" ON "django_content_type" ("app_label", "model");
CREATE UNIQUE INDEX "auth_permission_content_type_id_codename_01ab375a_uniq" ON "auth_permission" ("content_type_id", "codename");
CREATE INDEX IF NOT EXISTS "auth_permission_content_type_id_2f476e4b" ON "auth_permission" ("content_type_id");
CREATE INDEX IF NOT EXISTS "django_session_expire_date_a5c62663" ON "django_session" ("expire_date");
CREATE INDEX IF NOT EXISTS "portfolio_projectimages_project_id_15d31b95" ON "portfolio_projectimages" ("project_id");
CREATE INDEX IF NOT EXISTS "portfolio_jobs_jobs_for_id_5ff2bcd3" ON "portfolio_jobs" ("jobs_for_id");
CREATE INDEX IF NOT EXISTS "portfolio_course_lectures_course_id_2331758b" ON "portfolio_course_lectures" ("course_id");
CREATE INDEX IF NOT EXISTS "portfolio_course_benefits_course_id_2578314e" ON "portfolio_course_benefits" ("course_id");
CREATE INDEX IF NOT EXISTS "portfolio_course_requirements_course_id_d766a03d" ON "portfolio_course_requirements" ("course_id");
CREATE INDEX IF NOT EXISTS "portfolio_course_reviews_course_id_c0ea4d57" ON "portfolio_course_reviews" ("course_id");
CREATE INDEX IF NOT EXISTS "portfolio_courses_videos_course_id_ad0be848" ON "portfolio_courses_videos" ("course_id");
CREATE TABLE IF NOT EXISTS "auth_user" ("id" integer NOT NULL PRIMARY KEY AUTOINCREMENT, "password" varchar(128) NOT NULL, "last_login" datetime NULL, "is_superuser" bool NOT NULL, "username" varchar(150) NOT NULL UNIQUE, "last_name" varchar(150) NOT NULL, "email" varchar(254) NOT NULL, "is_staff" bool NOT NULL, "is_active" bool NOT NULL, "date_joined" datetime NOT NULL, "first_name" varchar(150) NOT NULL);
INSERT INTO "auth_user" VALUES(1,'pbkdf2_sha256$390000$a1sOxeXbcaRDfwNEjVF2Ld$Kcv0wtz3pZh/EBpClYg19dhFIrhp1pIPNAZ7fuIli4c=','2023-01-19 00:06:20.765002',1,'admin','','',1,1,'2022-09-05 20:14:17.460860','');
CREATE UNIQUE INDEX "auth_group_permissions_group_id_permission_id_0cd325b0_uniq" ON "auth_group_permissions" ("group_id", "permission_id");
CREATE INDEX IF NOT EXISTS "auth_group_permissions_group_id_b120cbf9" ON "auth_group_permissions" ("group_id");
CREATE INDEX IF NOT EXISTS "auth_group_permissions_permission_id_84c5c92e" ON "auth_group_permissions" ("permission_id");
CREATE UNIQUE INDEX "auth_user_groups_user_id_group_id_94350c0c_uniq" ON "auth_user_groups" ("user_id", "group_id");
CREATE INDEX IF NOT EXISTS "auth_user_groups_user_id_6a12ed8b" ON "auth_user_groups" ("user_id");
CREATE INDEX IF NOT EXISTS "auth_user_groups_group_id_97559544" ON "auth_user_groups" ("group_id");
CREATE UNIQUE INDEX "auth_user_user_permissions_user_id_permission_id_14a6b632_uniq" ON "auth_user_user_permissions" ("user_id", "permission_id");
CREATE INDEX IF NOT EXISTS "auth_user_user_permissions_user_id_a95ead1b" ON "auth_user_user_permissions" ("user_id");
CREATE INDEX IF NOT EXISTS "auth_user_user_permissions_permission_id_1fbb5f2c" ON "auth_user_user_permissions" ("permission_id");
CREATE INDEX IF NOT EXISTS "django_admin_log_content_type_id_c4bce8eb" ON "django_admin_log" ("content_type_id");
CREATE INDEX IF NOT EXISTS "django_admin_log_user_id_c564eba6" ON "django_admin_log" ("user_id");
CREATE UNIQUE INDEX "django_content_type_app_label_model_76bd3d3b_uniq" ON "django_content_type" ("app_label", "model");
CREATE UNIQUE INDEX "auth_permission_content_type_id_codename_01ab375a_uniq" ON "auth_permission" ("content_type_id", "codename");
CREATE INDEX IF NOT EXISTS "auth_permission_content_type_id_2f476e4b" ON "auth_permission" ("content_type_id");
CREATE INDEX IF NOT EXISTS "django_session_expire_date_a5c62663" ON "django_session" ("expire_date");
CREATE INDEX IF NOT EXISTS "portfolio_projectimages_project_id_15d31b95" ON "portfolio_projectimages" ("project_id");
CREATE INDEX IF NOT EXISTS "portfolio_jobs_jobs_for_id_5ff2bcd3" ON "portfolio_jobs" ("jobs_for_id");
CREATE INDEX IF NOT EXISTS "portfolio_course_lectures_course_id_2331758b" ON "portfolio_course_lectures" ("course_id");
CREATE INDEX IF NOT EXISTS "portfolio_course_benefits_course_id_2578314e" ON "portfolio_course_benefits" ("course_id");
CREATE INDEX IF NOT EXISTS "portfolio_course_requirements_course_id_d766a03d" ON "portfolio_course_requirements" ("course_id");
CREATE INDEX IF NOT EXISTS "portfolio_course_reviews_course_id_c0ea4d57" ON "portfolio_course_reviews" ("course_id");
CREATE INDEX IF NOT EXISTS "portfolio_courses_videos_course_id_ad0be848" ON "portfolio_courses_videos" ("course_id");
CREATE TABLE IF NOT EXISTS "auth_user_groups" ("id" integer NOT NULL PRIMARY KEY AUTOINCREMENT, "user_id" integer NOT NULL REFERENCES "auth_user" ("id") DEFERRABLE INITIALLY DEFERRED, "group_id" integer NOT NULL REFERENCES "auth_group" ("id") DEFERRABLE INITIALLY DEFERRED);
CREATE UNIQUE INDEX "auth_group_permissions_group_id_permission_id_0cd325b0_uniq" ON "auth_group_permissions" ("group_id", "permission_id");
CREATE INDEX IF NOT EXISTS "auth_group_permissions_group_id_b120cbf9" ON "auth_group_permissions" ("group_id");
CREATE INDEX IF NOT EXISTS "auth_group_permissions_permission_id_84c5c92e" ON "auth_group_permissions" ("permission_id");
CREATE UNIQUE INDEX "auth_user_groups_user_id_group_id_94350c0c_uniq" ON "auth_user_groups" ("user_id", "group_id");
CREATE INDEX IF NOT EXISTS "auth_user_groups_user_id_6a12ed8b" ON "auth_user_groups" ("user_id");
CREATE INDEX IF NOT EXISTS "auth_user_groups_group_id_97559544" ON "auth_user_groups" ("group_id");
CREATE UNIQUE INDEX "auth_user_user_permissions_user_id_permission_id_14a6b632_uniq" ON "auth_user_user_permissions" ("user_id", "permission_id");
CREATE INDEX IF NOT EXISTS "auth_user_user_permissions_user_id_a95ead1b" ON "auth_user_user_permissions" ("user_id");
CREATE INDEX IF NOT EXISTS "auth_user_user_permissions_permission_id_1fbb5f2c" ON "auth_user_user_permissions" ("permission_id");
CREATE INDEX IF NOT EXISTS "django_admin_log_content_type_id_c4bce8eb" ON "django_admin_log" ("content_type_id");
CREATE INDEX IF NOT EXISTS "django_admin_log_user_id_c564eba6" ON "django_admin_log" ("user_id");
CREATE UNIQUE INDEX "django_content_type_app_label_model_76bd3d3b_uniq" ON "django_content_type" ("app_label", "model");
CREATE UNIQUE INDEX "auth_permission_content_type_id_codename_01ab375a_uniq" ON "auth_permission" ("content_type_id", "codename");
CREATE INDEX IF NOT EXISTS "auth_permission_content_type_id_2f476e4b" ON "auth_permission" ("content_type_id");
CREATE INDEX IF NOT EXISTS "django_session_expire_date_a5c62663" ON "django_session" ("expire_date");
CREATE INDEX IF NOT EXISTS "portfolio_projectimages_project_id_15d31b95" ON "portfolio_projectimages" ("project_id");
CREATE INDEX IF NOT EXISTS "portfolio_jobs_jobs_for_id_5ff2bcd3" ON "portfolio_jobs" ("jobs_for_id");
CREATE INDEX IF NOT EXISTS "portfolio_course_lectures_course_id_2331758b" ON "portfolio_course_lectures" ("course_id");
CREATE INDEX IF NOT EXISTS "portfolio_course_benefits_course_id_2578314e" ON "portfolio_course_benefits" ("course_id");
CREATE INDEX IF NOT EXISTS "portfolio_course_requirements_course_id_d766a03d" ON "portfolio_course_requirements" ("course_id");
CREATE INDEX IF NOT EXISTS "portfolio_course_reviews_course_id_c0ea4d57" ON "portfolio_course_reviews" ("course_id");
CREATE INDEX IF NOT EXISTS "portfolio_courses_videos_course_id_ad0be848" ON "portfolio_courses_videos" ("course_id");
CREATE TABLE IF NOT EXISTS "auth_user_user_permissions" ("id" integer NOT NULL PRIMARY KEY AUTOINCREMENT, "user_id" integer NOT NULL REFERENCES "auth_user" ("id") DEFERRABLE INITIALLY DEFERRED, "permission_id" integer NOT NULL REFERENCES "auth_permission" ("id") DEFERRABLE INITIALLY DEFERRED);
CREATE UNIQUE INDEX "auth_group_permissions_group_id_permission_id_0cd325b0_uniq" ON "auth_group_permissions" ("group_id", "permission_id");
CREATE INDEX IF NOT EXISTS "auth_group_permissions_group_id_b120cbf9" ON "auth_group_permissions" ("group_id");
CREATE INDEX IF NOT EXISTS "auth_group_permissions_permission_id_84c5c92e" ON "auth_group_permissions" ("permission_id");
CREATE UNIQUE INDEX "auth_user_groups_user_id_group_id_94350c0c_uniq" ON "auth_user_groups" ("user_id", "group_id");
CREATE INDEX IF NOT EXISTS "auth_user_groups_user_id_6a12ed8b" ON "auth_user_groups" ("user_id");
CREATE INDEX IF NOT EXISTS "auth_user_groups_group_id_97559544" ON "auth_user_groups" ("group_id");
CREATE UNIQUE INDEX "auth_user_user_permissions_user_id_permission_id_14a6b632_uniq" ON "auth_user_user_permissions" ("user_id", "permission_id");
CREATE INDEX IF NOT EXISTS "auth_user_user_permissions_user_id_a95ead1b" ON "auth_user_user_permissions" ("user_id");
CREATE INDEX IF NOT EXISTS "auth_user_user_permissions_permission_id_1fbb5f2c" ON "auth_user_user_permissions" ("permission_id");
CREATE INDEX IF NOT EXISTS "django_admin_log_content_type_id_c4bce8eb" ON "django_admin_log" ("content_type_id");
CREATE INDEX IF NOT EXISTS "django_admin_log_user_id_c564eba6" ON "django_admin_log" ("user_id");
CREATE UNIQUE INDEX "django_content_type_app_label_model_76bd3d3b_uniq" ON "django_content_type" ("app_label", "model");
CREATE UNIQUE INDEX "auth_permission_content_type_id_codename_01ab375a_uniq" ON "auth_permission" ("content_type_id", "codename");
CREATE INDEX IF NOT EXISTS "auth_permission_content_type_id_2f476e4b" ON "auth_permission" ("content_type_id");
CREATE INDEX IF NOT EXISTS "django_session_expire_date_a5c62663" ON "django_session" ("expire_date");
CREATE INDEX IF NOT EXISTS "portfolio_projectimages_project_id_15d31b95" ON "portfolio_projectimages" ("project_id");
CREATE INDEX IF NOT EXISTS "portfolio_jobs_jobs_for_id_5ff2bcd3" ON "portfolio_jobs" ("jobs_for_id");
CREATE INDEX IF NOT EXISTS "portfolio_course_lectures_course_id_2331758b" ON "portfolio_course_lectures" ("course_id");
CREATE INDEX IF NOT EXISTS "portfolio_course_benefits_course_id_2578314e" ON "portfolio_course_benefits" ("course_id");
CREATE INDEX IF NOT EXISTS "portfolio_course_requirements_course_id_d766a03d" ON "portfolio_course_requirements" ("course_id");
CREATE INDEX IF NOT EXISTS "portfolio_course_reviews_course_id_c0ea4d57" ON "portfolio_course_reviews" ("course_id");
CREATE INDEX IF NOT EXISTS "portfolio_courses_videos_course_id_ad0be848" ON "portfolio_courses_videos" ("course_id");
CREATE TABLE IF NOT EXISTS "django_admin_log" ("id" integer NOT NULL PRIMARY KEY AUTOINCREMENT, "object_id" text NULL, "object_repr" varchar(200) NOT NULL, "action_flag" smallint unsigned NOT NULL CHECK ("action_flag" >= 0), "change_message" text NOT NULL, "content_type_id" integer NULL REFERENCES "django_content_type" ("id") DEFERRABLE INITIALLY DEFERRED, "user_id" integer NOT NULL REFERENCES "auth_user" ("id") DEFERRABLE INITIALLY DEFERRED, "action_time" datetime NOT NULL);
INSERT INTO "django_admin_log" VALUES(1,'1','Karim Aboelazm',1,'[{"added": {}}]',7,1,'2022-09-05 21:38:23.070105');
INSERT INTO "django_admin_log" VALUES(2,'1','Karim Aboelazm',2,'[{"changed": {"fields": ["Job"]}}]',7,1,'2022-09-05 21:44:55.879510');
INSERT INTO "django_admin_log" VALUES(3,'1','HTML',1,'[{"added": {}}]',10,1,'2022-09-05 21:45:58.399734');
INSERT INTO "django_admin_log" VALUES(4,'2','CSS',1,'[{"added": {}}]',10,1,'2022-09-05 21:46:11.848617');
INSERT INTO "django_admin_log" VALUES(5,'3','Python',1,'[{"added": {}}]',10,1,'2022-09-05 21:46:20.130696');
INSERT INTO "django_admin_log" VALUES(6,'4','Django',1,'[{"added": {}}]',10,1,'2022-09-05 21:46:40.166596');
INSERT INTO "django_admin_log" VALUES(7,'1','Front end',1,'[{"added": {}}]',15,1,'2022-09-05 21:50:08.814029');
INSERT INTO "django_admin_log" VALUES(8,'2','Back end',1,'[{"added": {}}]',15,1,'2022-09-05 21:50:27.203022');
INSERT INTO "django_admin_log" VALUES(9,'3','Python Developer',1,'[{"added": {}}]',15,1,'2022-09-05 21:50:54.879455');
INSERT INTO "django_admin_log" VALUES(10,'4','Mobile Developer',1,'[{"added": {}}]',15,1,'2022-09-05 21:51:29.149946');
INSERT INTO "django_admin_log" VALUES(11,'1','WEB DESIGN',1,'[{"added": {}}]',9,1,'2022-09-06 20:16:53.261148');
INSERT INTO "django_admin_log" VALUES(12,'2','WEB DEVELOPMENT',1,'[{"added": {}}]',9,1,'2022-09-06 20:19:34.672458');
INSERT INTO "django_admin_log" VALUES(13,'3','PHOTOGRAPHY',1,'[{"added": {}}]',9,1,'2022-09-06 20:20:43.131709');
INSERT INTO "django_admin_log" VALUES(14,'4','RESPONSIVE DESIGN',1,'[{"added": {}}]',9,1,'2022-09-06 20:22:53.475421');
INSERT INTO "django_admin_log" VALUES(15,'5','GRAPHIC DESIGN',1,'[{"added": {}}]',9,1,'2022-09-06 20:24:10.347170');
INSERT INTO "django_admin_log" VALUES(16,'6','MARKETING SERVICES',1,'[{"added": {}}]',9,1,'2022-09-06 20:25:43.591922');
INSERT INTO "django_admin_log" VALUES(17,'1','WORKS COMPLETED',1,'[{"added": {}}]',11,1,'2022-09-06 20:36:06.784864');
INSERT INTO "django_admin_log" VALUES(18,'2','YEARS OF EXPERIENCE',1,'[{"added": {}}]',11,1,'2022-09-06 20:37:00.893362');
INSERT INTO "django_admin_log" VALUES(19,'3','TOTAL CLIENTS',1,'[{"added": {}}]',11,1,'2022-09-06 20:37:47.255290');
INSERT INTO "django_admin_log" VALUES(20,'4','AWARD WON',1,'[{"added": {}}]',11,1,'2022-09-06 20:41:58.539168');
INSERT INTO "django_admin_log" VALUES(21,'1','Text Translator',1,'[{"added": {}}]',13,1,'2022-09-06 20:50:22.976333');
INSERT INTO "django_admin_log" VALUES(22,'2','E Commerce',1,'[{"added": {}}]',13,1,'2022-09-06 20:52:46.132941');
INSERT INTO "django_admin_log" VALUES(23,'3','Voice Assistant',1,'[{"added": {}}]',13,1,'2022-09-06 20:56:25.007219');
INSERT INTO "django_admin_log" VALUES(24,'4','Stock Predector',1,'[{"added": {}}]',13,1,'2022-09-06 20:58:32.695036');
INSERT INTO "django_admin_log" VALUES(25,'5','Job Board',1,'[{"added": {}}]',13,1,'2022-09-06 21:02:38.131042');
INSERT INTO "django_admin_log" VALUES(26,'6','Playlist YouTube downloader program',1,'[{"added": {}}]',13,1,'2022-09-06 21:05:52.743205');
INSERT INTO "django_admin_log" VALUES(27,'6','Playlist downloader',2,'[{"changed": {"fields": ["Project_name"]}}]',13,1,'2022-09-06 21:06:19.221997');
INSERT INTO "django_admin_log" VALUES(28,'1','john Doe',1,'[{"added": {}}]',12,1,'2022-09-06 21:16:18.874933');
INSERT INTO "django_admin_log" VALUES(29,'2','John Doe',1,'[{"added": {}}]',12,1,'2022-09-06 21:17:18.098473');
INSERT INTO "django_admin_log" VALUES(30,'1','See more ideas about Travel',1,'[{"added": {}}]',8,1,'2022-09-06 21:23:04.311961');
INSERT INTO "django_admin_log" VALUES(31,'2','Optimising Your Images for Pinterest',1,'[{"added": {}}]',8,1,'2022-09-06 21:24:06.287237');
INSERT INTO "django_admin_log" VALUES(32,'3','Screenshots',1,'[{"added": {}}]',8,1,'2022-09-06 21:26:35.330749');
INSERT INTO "django_admin_log" VALUES(33,'1','Voice Assistant',1,'[{"added": {}}]',14,1,'2022-09-08 20:36:51.316096');
INSERT INTO "django_admin_log" VALUES(34,'2','Voice Assistant',1,'[{"added": {}}]',14,1,'2022-09-08 20:37:10.223877');
INSERT INTO "django_admin_log" VALUES(35,'3','Voice Assistant',1,'[{"added": {}}]',14,1,'2022-09-08 20:37:19.967919');
INSERT INTO "django_admin_log" VALUES(36,'4','Text Translator [ 4 ] ',1,'[{"added": {}}]',14,1,'2022-09-08 20:38:59.991275');
INSERT INTO "django_admin_log" VALUES(37,'5','Text Translator',1,'[{"added": {}}]',14,1,'2022-09-08 20:39:38.130859');
INSERT INTO "django_admin_log" VALUES(38,'6','Text Translator',1,'[{"added": {}}]',14,1,'2022-09-08 20:39:48.986607');
INSERT INTO "django_admin_log" VALUES(39,'7','Stock Predector',1,'[{"added": {}}]',14,1,'2022-09-08 20:45:48.233810');
INSERT INTO "django_admin_log" VALUES(40,'8','Stock Predector',1,'[{"added": {}}]',14,1,'2022-09-08 20:45:58.911641');
INSERT INTO "django_admin_log" VALUES(41,'9','Stock Predector',1,'[{"added": {}}]',14,1,'2022-09-08 20:46:09.378692');
INSERT INTO "django_admin_log" VALUES(42,'3','Screenshots',2,'[{"changed": {"fields": ["Category_ar"]}}]',8,1,'2022-09-08 23:39:05.638872');
INSERT INTO "django_admin_log" VALUES(43,'2','Optimising Your Images for Pinterest',2,'[{"changed": {"fields": ["Category_ar"]}}]',8,1,'2022-09-08 23:39:14.415586');
INSERT INTO "django_admin_log" VALUES(44,'1','See more ideas about Travel',2,'[{"changed": {"fields": ["Category_ar"]}}]',8,1,'2022-09-08 23:39:21.075594');
INSERT INTO "django_admin_log" VALUES(45,'6','Playlist downloader',3,'',13,1,'2022-09-11 15:35:43.890757');
INSERT INTO "django_admin_log" VALUES(46,'5','Job Board',3,'',13,1,'2022-09-11 15:35:43.913058');
INSERT INTO "django_admin_log" VALUES(47,'4','Stock Predector',3,'',13,1,'2022-09-11 15:35:43.920461');
INSERT INTO "django_admin_log" VALUES(48,'3','Voice Assistant',3,'',13,1,'2022-09-11 15:35:43.928996');
INSERT INTO "django_admin_log" VALUES(49,'2','E Commerce',3,'',13,1,'2022-09-11 15:35:43.938223');
INSERT INTO "django_admin_log" VALUES(50,'1','Text Translator',3,'',13,1,'2022-09-11 15:35:43.945237');
INSERT INTO "django_admin_log" VALUES(51,'7','Bone X-rays',1,'[{"added": {}}]',13,1,'2022-09-11 15:37:12.389873');
INSERT INTO "django_admin_log" VALUES(52,'8','PDF Voice Reader',1,'[{"added": {}}]',13,1,'2022-09-11 15:38:32.318239');
INSERT INTO "django_admin_log" VALUES(53,'9','News Detection',1,'[{"added": {}}]',13,1,'2022-09-11 15:39:49.380835');
INSERT INTO "django_admin_log" VALUES(54,'10','Resume Screening',1,'[{"added": {}}]',13,1,'2022-09-11 15:41:17.957732');
INSERT INTO "django_admin_log" VALUES(55,'11','Pavilion Teck',1,'[{"added": {}}]',13,1,'2022-09-11 15:42:18.453828');
INSERT INTO "django_admin_log" VALUES(56,'12','Dr Plants',1,'[{"added": {}}]',13,1,'2022-09-11 15:43:30.498818');
INSERT INTO "django_admin_log" VALUES(57,'13','Playlist downloader',1,'[{"added": {}}]',13,1,'2022-09-11 15:44:45.895220');
INSERT INTO "django_admin_log" VALUES(58,'14','Job Board',1,'[{"added": {}}]',13,1,'2022-09-11 15:46:27.403176');
INSERT INTO "django_admin_log" VALUES(59,'15','Stock Predictor',1,'[{"added": {}}]',13,1,'2022-09-11 15:48:21.570715');
INSERT INTO "django_admin_log" VALUES(60,'16','Ionic Voice Assistant',1,'[{"added": {}}]',13,1,'2022-09-11 15:49:42.077372');
INSERT INTO "django_admin_log" VALUES(61,'17','KoGo E-Commerce',1,'[{"added": {}}]',13,1,'2022-09-11 15:51:11.397225');
INSERT INTO "django_admin_log" VALUES(62,'18','Py Translator',1,'[{"added": {}}]',13,1,'2022-09-11 15:52:25.112641');
INSERT INTO "django_admin_log" VALUES(63,'2','John Doe',3,'',12,1,'2022-09-11 15:53:29.767599');
INSERT INTO "django_admin_log" VALUES(64,'1','john Doe',3,'',12,1,'2022-09-11 15:53:29.773594');
INSERT INTO "django_admin_log" VALUES(65,'3','Dr Kamal Shebl',1,'[{"added": {}}]',12,1,'2022-09-11 15:55:05.927671');
INSERT INTO "django_admin_log" VALUES(66,'4','Dr Ahmed Salah',1,'[{"added": {}}]',12,1,'2022-09-11 15:55:44.083423');
INSERT INTO "django_admin_log" VALUES(67,'5','Dr Mohammed Abdelbaset',1,'[{"added": {}}]',12,1,'2022-09-11 15:56:21.565152');
INSERT INTO "django_admin_log" VALUES(68,'4','Mobile Developer',3,'',15,1,'2022-09-11 15:56:49.955267');
INSERT INTO "django_admin_log" VALUES(69,'3','Python Developer',3,'',15,1,'2022-09-11 15:56:49.962243');
INSERT INTO "django_admin_log" VALUES(70,'2','Back end',3,'',15,1,'2022-09-11 15:56:49.971240');
INSERT INTO "django_admin_log" VALUES(71,'1','Front end',3,'',15,1,'2022-09-11 15:56:49.977235');
INSERT INTO "django_admin_log" VALUES(72,'5','Machine Learning Developer',1,'[{"added": {}}]',15,1,'2022-09-11 15:57:06.325061');
INSERT INTO "django_admin_log" VALUES(73,'6','Mobile Developer',1,'[{"added": {}}]',15,1,'2022-09-11 15:57:30.480528');
INSERT INTO "django_admin_log" VALUES(74,'7','Python Developer',1,'[{"added": {}}]',15,1,'2022-09-11 15:57:49.102359');
INSERT INTO "django_admin_log" VALUES(75,'8','Web Developer',1,'[{"added": {}}]',15,1,'2022-09-11 15:58:06.802125');
INSERT INTO "django_admin_log" VALUES(76,'9','Web Designer',1,'[{"added": {}}]',15,1,'2022-09-11 15:58:24.848041');
INSERT INTO "django_admin_log" VALUES(77,'6','DATABASES',2,'[{"changed": {"fields": ["Title", "Title_ar", "Description", "Description_ar", "Icon"]}}]',9,1,'2022-09-11 15:59:17.777784');
INSERT INTO "django_admin_log" VALUES(78,'5','RESTFUL APIS',2,'[{"changed": {"fields": ["Title", "Title_ar", "Description", "Description_ar"]}}]',9,1,'2022-09-11 15:59:43.747917');
INSERT INTO "django_admin_log" VALUES(79,'4','MACHINE LEARNING',2,'[{"changed": {"fields": ["Title", "Title_ar", "Description", "Description_ar", "Icon"]}}]',9,1,'2022-09-11 16:00:15.455069');
INSERT INTO "django_admin_log" VALUES(80,'3','SOFTWARE DEVELOPMENT',2,'[{"changed": {"fields": ["Title", "Title_ar", "Description", "Description_ar", "Icon"]}}]',9,1,'2022-09-11 16:00:45.791428');
INSERT INTO "django_admin_log" VALUES(81,'2','Rest Api',2,'[{"changed": {"fields": ["Title", "Rate"]}}]',10,1,'2022-09-11 16:01:42.291985');
INSERT INTO "django_admin_log" VALUES(82,'1','Postgres',2,'[{"changed": {"fields": ["Title", "Rate"]}}]',10,1,'2022-09-11 16:01:59.384677');
INSERT INTO "django_admin_log" VALUES(83,'4','Django',2,'[{"changed": {"fields": ["Rate"]}}]',10,1,'2022-09-11 16:02:06.669341');
INSERT INTO "django_admin_log" VALUES(84,'3','Python',2,'[{"changed": {"fields": ["Rate"]}}]',10,1,'2022-09-11 16:02:19.157921');
INSERT INTO "django_admin_log" VALUES(85,'1','Karim Aboelazm',2,'[{"changed": {"fields": ["Description", "Description_ar", "Resume"]}}]',7,1,'2022-09-11 16:04:10.084512');
INSERT INTO "django_admin_log" VALUES(86,'1','certification number : 1',1,'[{"added": {}}]',16,1,'2022-09-11 16:47:54.598618');
INSERT INTO "django_admin_log" VALUES(87,'2','certification number : 2',1,'[{"added": {}}]',16,1,'2022-09-11 16:50:09.537989');
INSERT INTO "django_admin_log" VALUES(88,'3','certification number : 3',1,'[{"added": {}}]',16,1,'2022-09-11 16:52:12.883339');
INSERT INTO "django_admin_log" VALUES(89,'4','certification number : 4',1,'[{"added": {}}]',16,1,'2022-09-11 16:54:06.648875');
INSERT INTO "django_admin_log" VALUES(90,'5','certification number : 5',1,'[{"added": {}}]',16,1,'2022-09-11 16:55:32.286615');
INSERT INTO "django_admin_log" VALUES(91,'6','certification number : 6',1,'[{"added": {}}]',16,1,'2022-09-11 17:01:09.812459');
INSERT INTO "django_admin_log" VALUES(92,'7','certification number : 7',1,'[{"added": {}}]',16,1,'2022-09-11 17:04:06.273793');
INSERT INTO "django_admin_log" VALUES(93,'8','certification number : 8',1,'[{"added": {}}]',16,1,'2022-09-11 17:08:53.049272');
INSERT INTO "django_admin_log" VALUES(94,'9','certification number : 9',1,'[{"added": {}}]',16,1,'2022-09-11 17:13:29.326639');
INSERT INTO "django_admin_log" VALUES(95,'10','certification number : 10',1,'[{"added": {}}]',16,1,'2022-09-11 17:14:13.871404');
INSERT INTO "django_admin_log" VALUES(96,'11','certification number : 11',1,'[{"added": {}}]',16,1,'2022-09-11 17:14:54.990869');
INSERT INTO "django_admin_log" VALUES(97,'12','certification number : 12',1,'[{"added": {}}]',16,1,'2022-09-11 17:15:44.159934');
INSERT INTO "django_admin_log" VALUES(98,'1','Python BasicsCourse',1,'[{"added": {}}]',19,1,'2023-01-17 20:02:55.499264');
INSERT INTO "django_admin_log" VALUES(99,'1','Python BasicsCourse',2,'[]',19,1,'2023-01-17 20:03:12.207538');
INSERT INTO "django_admin_log" VALUES(100,'1','Video : What is Python ? - number : 1 - for course : Python Basics',1,'[{"added": {}}]',17,1,'2023-01-17 20:06:25.993767');
INSERT INTO "django_admin_log" VALUES(101,'1','Karim Aboelazm',2,'[{"changed": {"fields": ["Resume"]}}]',7,1,'2023-01-17 20:07:02.421983');
INSERT INTO "django_admin_log" VALUES(102,'1','Lecture : Lecture one Content - number : 1 - for course : Python Basics',1,'[{"added": {}}]',18,1,'2023-01-17 20:12:02.303423');
INSERT INTO "django_admin_log" VALUES(103,'1','Python Basics Course',2,'[{"changed": {"fields": ["Ended At"]}}]',19,1,'2023-01-18 16:45:40.841361');
INSERT INTO "django_admin_log" VALUES(104,'1','Python Basics Course',2,'[{"changed": {"fields": ["Course language", "Course language Arabic"]}}]',19,1,'2023-01-18 19:55:13.202451');
INSERT INTO "django_admin_log" VALUES(105,'1','Video : What is Python ? - number : 1 - for course : Python Basics',2,'[{"changed": {"fields": ["Video Duration in Minutes ?"]}}]',17,1,'2023-01-18 19:55:51.258906');
INSERT INTO "django_admin_log" VALUES(106,'1','Video : What is Python ? - number : 1 - for course : Python Basics',2,'[{"changed": {"fields": ["Video Duration in Minutes ?"]}}]',17,1,'2023-01-18 20:08:32.885579');
INSERT INTO "django_admin_log" VALUES(107,'1','what python woks ? - for course : Python Basics',1,'[{"added": {}}]',20,1,'2023-01-18 20:43:40.760906');
INSERT INTO "django_admin_log" VALUES(108,'2','How to code python ? - for course : Python Basics',1,'[{"added": {}}]',20,1,'2023-01-18 20:44:14.921702');
CREATE UNIQUE INDEX "auth_group_permissions_group_id_permission_id_0cd325b0_uniq" ON "auth_group_permissions" ("group_id", "permission_id");
CREATE INDEX IF NOT EXISTS "auth_group_permissions_group_id_b120cbf9" ON "auth_group_permissions" ("group_id");
CREATE INDEX IF NOT EXISTS "auth_group_permissions_permission_id_84c5c92e" ON "auth_group_permissions" ("permission_id");
CREATE UNIQUE INDEX "auth_user_groups_user_id_group_id_94350c0c_uniq" ON "auth_user_groups" ("user_id", "group_id");
CREATE INDEX IF NOT EXISTS "auth_user_groups_user_id_6a12ed8b" ON "auth_user_groups" ("user_id");
CREATE INDEX IF NOT EXISTS "auth_user_groups_group_id_97559544" ON "auth_user_groups" ("group_id");
CREATE UNIQUE INDEX "auth_user_user_permissions_user_id_permission_id_14a6b632_uniq" ON "auth_user_user_permissions" ("user_id", "permission_id");
CREATE INDEX IF NOT EXISTS "auth_user_user_permissions_user_id_a95ead1b" ON "auth_user_user_permissions" ("user_id");
CREATE INDEX IF NOT EXISTS "auth_user_user_permissions_permission_id_1fbb5f2c" ON "auth_user_user_permissions" ("permission_id");
CREATE INDEX IF NOT EXISTS "django_admin_log_content_type_id_c4bce8eb" ON "django_admin_log" ("content_type_id");
CREATE INDEX IF NOT EXISTS "django_admin_log_user_id_c564eba6" ON "django_admin_log" ("user_id");
CREATE UNIQUE INDEX "django_content_type_app_label_model_76bd3d3b_uniq" ON "django_content_type" ("app_label", "model");
CREATE UNIQUE INDEX "auth_permission_content_type_id_codename_01ab375a_uniq" ON "auth_permission" ("content_type_id", "codename");
CREATE INDEX IF NOT EXISTS "auth_permission_content_type_id_2f476e4b" ON "auth_permission" ("content_type_id");
CREATE INDEX IF NOT EXISTS "django_session_expire_date_a5c62663" ON "django_session" ("expire_date");
CREATE INDEX IF NOT EXISTS "portfolio_projectimages_project_id_15d31b95" ON "portfolio_projectimages" ("project_id");
CREATE INDEX IF NOT EXISTS "portfolio_jobs_jobs_for_id_5ff2bcd3" ON "portfolio_jobs" ("jobs_for_id");
CREATE INDEX IF NOT EXISTS "portfolio_course_lectures_course_id_2331758b" ON "portfolio_course_lectures" ("course_id");
CREATE INDEX IF NOT EXISTS "portfolio_course_benefits_course_id_2578314e" ON "portfolio_course_benefits" ("course_id");
CREATE INDEX IF NOT EXISTS "portfolio_course_requirements_course_id_d766a03d" ON "portfolio_course_requirements" ("course_id");
CREATE INDEX IF NOT EXISTS "portfolio_course_reviews_course_id_c0ea4d57" ON "portfolio_course_reviews" ("course_id");
CREATE INDEX IF NOT EXISTS "portfolio_courses_videos_course_id_ad0be848" ON "portfolio_courses_videos" ("course_id");
CREATE TABLE IF NOT EXISTS "django_content_type" ("id" integer NOT NULL PRIMARY KEY AUTOINCREMENT, "app_label" varchar(100) NOT NULL, "model" varchar(100) NOT NULL);
INSERT INTO "django_content_type" VALUES(1,'admin','logentry');
INSERT INTO "django_content_type" VALUES(2,'auth','permission');
INSERT INTO "django_content_type" VALUES(3,'auth','group');
INSERT INTO "django_content_type" VALUES(4,'auth','user');
INSERT INTO "django_content_type" VALUES(5,'contenttypes','contenttype');
INSERT INTO "django_content_type" VALUES(6,'sessions','session');
INSERT INTO "django_content_type" VALUES(7,'portfolio','aboutme');
INSERT INTO "django_content_type" VALUES(8,'portfolio','blog');
INSERT INTO "django_content_type" VALUES(9,'portfolio','service');
INSERT INTO "django_content_type" VALUES(10,'portfolio','skill');
INSERT INTO "django_content_type" VALUES(11,'portfolio','statistics');
INSERT INTO "django_content_type" VALUES(12,'portfolio','testimonial');
INSERT INTO "django_content_type" VALUES(13,'portfolio','portfolio');
INSERT INTO "django_content_type" VALUES(14,'portfolio','projectimages');
INSERT INTO "django_content_type" VALUES(15,'portfolio','jobs');
INSERT INTO "django_content_type" VALUES(16,'portfolio','certifications');
INSERT INTO "django_content_type" VALUES(17,'portfolio','courses_videos');
INSERT INTO "django_content_type" VALUES(18,'portfolio','course_lectures');
INSERT INTO "django_content_type" VALUES(19,'portfolio','courses');
INSERT INTO "django_content_type" VALUES(20,'portfolio','course_benefits');
INSERT INTO "django_content_type" VALUES(21,'portfolio','course_requirements');
INSERT INTO "django_content_type" VALUES(22,'portfolio','course_reviews');
INSERT INTO "django_content_type" VALUES(23,'portfolio','course_tasks');
INSERT INTO "django_content_type" VALUES(24,'portfolio','courses_tasks');
INSERT INTO "django_content_type" VALUES(25,'portfolio','course_homework');
CREATE UNIQUE INDEX "auth_group_permissions_group_id_permission_id_0cd325b0_uniq" ON "auth_group_permissions" ("group_id", "permission_id");
CREATE INDEX IF NOT EXISTS "auth_group_permissions_group_id_b120cbf9" ON "auth_group_permissions" ("group_id");
CREATE INDEX IF NOT EXISTS "auth_group_permissions_permission_id_84c5c92e" ON "auth_group_permissions" ("permission_id");
CREATE UNIQUE INDEX "auth_user_groups_user_id_group_id_94350c0c_uniq" ON "auth_user_groups" ("user_id", "group_id");
CREATE INDEX IF NOT EXISTS "auth_user_groups_user_id_6a12ed8b" ON "auth_user_groups" ("user_id");
CREATE INDEX IF NOT EXISTS "auth_user_groups_group_id_97559544" ON "auth_user_groups" ("group_id");
CREATE UNIQUE INDEX "auth_user_user_permissions_user_id_permission_id_14a6b632_uniq" ON "auth_user_user_permissions" ("user_id", "permission_id");
CREATE INDEX IF NOT EXISTS "auth_user_user_permissions_user_id_a95ead1b" ON "auth_user_user_permissions" ("user_id");
CREATE INDEX IF NOT EXISTS "auth_user_user_permissions_permission_id_1fbb5f2c" ON "auth_user_user_permissions" ("permission_id");
CREATE INDEX IF NOT EXISTS "django_admin_log_content_type_id_c4bce8eb" ON "django_admin_log" ("content_type_id");
CREATE INDEX IF NOT EXISTS "django_admin_log_user_id_c564eba6" ON "django_admin_log" ("user_id");
CREATE UNIQUE INDEX "django_content_type_app_label_model_76bd3d3b_uniq" ON "django_content_type" ("app_label", "model");
CREATE UNIQUE INDEX "auth_permission_content_type_id_codename_01ab375a_uniq" ON "auth_permission" ("content_type_id", "codename");
CREATE INDEX IF NOT EXISTS "auth_permission_content_type_id_2f476e4b" ON "auth_permission" ("content_type_id");
CREATE INDEX IF NOT EXISTS "django_session_expire_date_a5c62663" ON "django_session" ("expire_date");
CREATE INDEX IF NOT EXISTS "portfolio_projectimages_project_id_15d31b95" ON "portfolio_projectimages" ("project_id");
CREATE INDEX IF NOT EXISTS "portfolio_jobs_jobs_for_id_5ff2bcd3" ON "portfolio_jobs" ("jobs_for_id");
CREATE INDEX IF NOT EXISTS "portfolio_course_lectures_course_id_2331758b" ON "portfolio_course_lectures" ("course_id");
CREATE INDEX IF NOT EXISTS "portfolio_course_benefits_course_id_2578314e" ON "portfolio_course_benefits" ("course_id");
CREATE INDEX IF NOT EXISTS "portfolio_course_requirements_course_id_d766a03d" ON "portfolio_course_requirements" ("course_id");
CREATE INDEX IF NOT EXISTS "portfolio_course_reviews_course_id_c0ea4d57" ON "portfolio_course_reviews" ("course_id");
CREATE INDEX IF NOT EXISTS "portfolio_courses_videos_course_id_ad0be848" ON "portfolio_courses_videos" ("course_id");
CREATE TABLE IF NOT EXISTS "django_migrations" ("id" integer NOT NULL PRIMARY KEY AUTOINCREMENT, "app" varchar(255) NOT NULL, "name" varchar(255) NOT NULL, "applied" datetime NOT NULL);
INSERT INTO "django_migrations" VALUES(1,'contenttypes','0001_initial','2022-09-05 20:13:14.354585');
INSERT INTO "django_migrations" VALUES(2,'auth','0001_initial','2022-09-05 20:13:14.401582');
INSERT INTO "django_migrations" VALUES(3,'admin','0001_initial','2022-09-05 20:13:14.459545');
INSERT INTO "django_migrations" VALUES(4,'admin','0002_logentry_remove_auto_add','2022-09-05 20:13:14.518126');
INSERT INTO "django_migrations" VALUES(5,'admin','0003_logentry_add_action_flag_choices','2022-09-05 20:13:14.566191');
INSERT INTO "django_migrations" VALUES(6,'contenttypes','0002_remove_content_type_name','2022-09-05 20:13:14.655679');
INSERT INTO "django_migrations" VALUES(7,'auth','0002_alter_permission_name_max_length','2022-09-05 20:13:14.714673');
INSERT INTO "django_migrations" VALUES(8,'auth','0003_alter_user_email_max_length','2022-09-05 20:13:14.783635');
INSERT INTO "django_migrations" VALUES(9,'auth','0004_alter_user_username_opts','2022-09-05 20:13:14.806626');
INSERT INTO "django_migrations" VALUES(10,'auth','0005_alter_user_last_login_null','2022-09-05 20:13:14.870587');
INSERT INTO "django_migrations" VALUES(11,'auth','0006_require_contenttypes_0002','2022-09-05 20:13:14.892572');
INSERT INTO "django_migrations" VALUES(12,'auth','0007_alter_validators_add_error_messages','2022-09-05 20:13:14.918574');
INSERT INTO "django_migrations" VALUES(13,'auth','0008_alter_user_username_max_length','2022-09-05 20:13:14.993236');
INSERT INTO "django_migrations" VALUES(14,'auth','0009_alter_user_last_name_max_length','2022-09-05 20:13:15.027201');
INSERT INTO "django_migrations" VALUES(15,'auth','0010_alter_group_name_max_length','2022-09-05 20:13:15.098158');
INSERT INTO "django_migrations" VALUES(16,'auth','0011_update_proxy_permissions','2022-09-05 20:13:15.147130');
INSERT INTO "django_migrations" VALUES(17,'auth','0012_alter_user_first_name_max_length','2022-09-05 20:13:15.201101');
INSERT INTO "django_migrations" VALUES(18,'sessions','0001_initial','2022-09-05 20:13:15.243077');
INSERT INTO "django_migrations" VALUES(19,'portfolio','0001_initial','2022-09-05 21:12:29.247530');
INSERT INTO "django_migrations" VALUES(20,'portfolio','0002_jobs','2022-09-05 21:26:57.874410');
INSERT INTO "django_migrations" VALUES(21,'portfolio','0003_blog_category_ar','2022-09-08 23:37:42.812113');
INSERT INTO "django_migrations" VALUES(22,'portfolio','0004_certifications_delete_blog','2022-09-11 16:41:10.332036');
INSERT INTO "django_migrations" VALUES(23,'portfolio','0005_courses_courses_videos_course_lectures','2023-01-17 19:54:07.799407');
INSERT INTO "django_migrations" VALUES(24,'portfolio','0006_alter_courses_ended_at_and_more','2023-01-18 16:44:00.110369');
INSERT INTO "django_migrations" VALUES(25,'portfolio','0007_alter_courses_ended_at_alter_courses_started_at_and_more','2023-01-18 17:24:54.307166');
INSERT INTO "django_migrations" VALUES(26,'portfolio','0008_courses_language_courses_language_ar_and_more','2023-01-18 17:32:09.296383');
INSERT INTO "django_migrations" VALUES(27,'portfolio','0009_courses_videos_video_duration_in_min','2023-01-18 17:32:09.327630');
INSERT INTO "django_migrations" VALUES(28,'portfolio','0010_course_reviews','2023-01-18 17:41:57.251953');
INSERT INTO "django_migrations" VALUES(29,'portfolio','0011_alter_courses_videos_description_and_more','2023-01-18 21:49:47.595070');
CREATE UNIQUE INDEX "auth_group_permissions_group_id_permission_id_0cd325b0_uniq" ON "auth_group_permissions" ("group_id", "permission_id");
CREATE INDEX IF NOT EXISTS "auth_group_permissions_group_id_b120cbf9" ON "auth_group_permissions" ("group_id");
CREATE INDEX IF NOT EXISTS "auth_group_permissions_permission_id_84c5c92e" ON "auth_group_permissions" ("permission_id");
CREATE UNIQUE INDEX "auth_user_groups_user_id_group_id_94350c0c_uniq" ON "auth_user_groups" ("user_id", "group_id");
CREATE INDEX IF NOT EXISTS "auth_user_groups_user_id_6a12ed8b" ON "auth_user_groups" ("user_id");
CREATE INDEX IF NOT EXISTS "auth_user_groups_group_id_97559544" ON "auth_user_groups" ("group_id");
CREATE UNIQUE INDEX "auth_user_user_permissions_user_id_permission_id_14a6b632_uniq" ON "auth_user_user_permissions" ("user_id", "permission_id");
CREATE INDEX IF NOT EXISTS "auth_user_user_permissions_user_id_a95ead1b" ON "auth_user_user_permissions" ("user_id");
CREATE INDEX IF NOT EXISTS "auth_user_user_permissions_permission_id_1fbb5f2c" ON "auth_user_user_permissions" ("permission_id");
CREATE INDEX IF NOT EXISTS "django_admin_log_content_type_id_c4bce8eb" ON "django_admin_log" ("content_type_id");
CREATE INDEX IF NOT EXISTS "django_admin_log_user_id_c564eba6" ON "django_admin_log" ("user_id");
CREATE UNIQUE INDEX "django_content_type_app_label_model_76bd3d3b_uniq" ON "django_content_type" ("app_label", "model");
CREATE UNIQUE INDEX "auth_permission_content_type_id_codename_01ab375a_uniq" ON "auth_permission" ("content_type_id", "codename");
CREATE INDEX IF NOT EXISTS "auth_permission_content_type_id_2f476e4b" ON "auth_permission" ("content_type_id");
CREATE INDEX IF NOT EXISTS "django_session_expire_date_a5c62663" ON "django_session" ("expire_date");
CREATE INDEX IF NOT EXISTS "portfolio_projectimages_project_id_15d31b95" ON "portfolio_projectimages" ("project_id");
CREATE INDEX IF NOT EXISTS "portfolio_jobs_jobs_for_id_5ff2bcd3" ON "portfolio_jobs" ("jobs_for_id");
CREATE INDEX IF NOT EXISTS "portfolio_course_lectures_course_id_2331758b" ON "portfolio_course_lectures" ("course_id");
CREATE INDEX IF NOT EXISTS "portfolio_course_benefits_course_id_2578314e" ON "portfolio_course_benefits" ("course_id");
CREATE INDEX IF NOT EXISTS "portfolio_course_requirements_course_id_d766a03d" ON "portfolio_course_requirements" ("course_id");
CREATE INDEX IF NOT EXISTS "portfolio_course_reviews_course_id_c0ea4d57" ON "portfolio_course_reviews" ("course_id");
CREATE INDEX IF NOT EXISTS "portfolio_courses_videos_course_id_ad0be848" ON "portfolio_courses_videos" ("course_id");
CREATE TABLE IF NOT EXISTS "django_session" ("session_key" varchar(40) NOT NULL PRIMARY KEY, "session_data" text NOT NULL, "expire_date" datetime NOT NULL);
INSERT INTO "django_session" VALUES('wlhflw8mtsxeu5kf3qe8z276amlb4l5h','.eJxVjEEOwiAQRe_C2hCmQFtcuu8ZyMAMUjWQlHZlvLtt0oVu_3v_vYXHbc1-a7z4mcRVgLj8bgHjk8sB6IHlXmWsZV3mIA9FnrTJqRK_bqf7F8jY8v7unRqAHTAFhUazdaNNA7NCCHulM2w56mQ0xaQgjWQdmQ6Us4i9Ri0-X_OKOFU:1oVGe1:LhFELk_91wA3BJ9klAc8daVL-BIEKvm0hkPO0xJ6lmA','2022-09-19 20:16:25.541131');
INSERT INTO "django_session" VALUES('mezelpjpakq3dnr1yu05oo8i1nerl22d','.eJxVjEEOwiAQRe_C2hCmQFtcuu8ZyMAMUjWQlHZlvLtt0oVu_3v_vYXHbc1-a7z4mcRVgLj8bgHjk8sB6IHlXmWsZV3mIA9FnrTJqRK_bqf7F8jY8v7unRqAHTAFhUazdaNNA7NCCHulM2w56mQ0xaQgjWQdmQ6Us4i9Ri0-X_OKOFU:1oVHX4:wZ8AIi7RONao0d57knNbenmZgUB_6O-Xw60hFgdkR18','2022-09-19 21:13:18.655550');
INSERT INTO "django_session" VALUES('fgogls235mx9gsbeihbv4sh7bbloln8r','.eJxVjEEOwiAQRe_C2hCmQFtcuu8ZyMAMUjWQlHZlvLtt0oVu_3v_vYXHbc1-a7z4mcRVgLj8bgHjk8sB6IHlXmWsZV3mIA9FnrTJqRK_bqf7F8jY8v7unRqAHTAFhUazdaNNA7NCCHulM2w56mQ0xaQgjWQdmQ6Us4i9Ri0-X_OKOFU:1pHqCV:IP25Elx_MwlYQOCIGirq9a4-INLGJCs1WWNtDDnKoR0','2023-01-31 19:56:47.121155');
INSERT INTO "django_session" VALUES('d32712ttla4bj637el94t10uquqhim3m','.eJxVjEEOwiAQRe_C2hCmQFtcuu8ZyMAMUjWQlHZlvLtt0oVu_3v_vYXHbc1-a7z4mcRVgLj8bgHjk8sB6IHlXmWsZV3mIA9FnrTJqRK_bqf7F8jY8v7unRqAHTAFhUazdaNNA7NCCHulM2w56mQ0xaQgjWQdmQ6Us4i9Ri0-X_OKOFU:1pIGZY:ZJP5BdYWfRNRz9HL-nQp5g2gV12YuIDWmhevWXP-4gg','2023-02-02 00:06:20.776997');
CREATE UNIQUE INDEX "auth_group_permissions_group_id_permission_id_0cd325b0_uniq" ON "auth_group_permissions" ("group_id", "permission_id");
CREATE INDEX IF NOT EXISTS "auth_group_permissions_group_id_b120cbf9" ON "auth_group_permissions" ("group_id");
CREATE INDEX IF NOT EXISTS "auth_group_permissions_permission_id_84c5c92e" ON "auth_group_permissions" ("permission_id");
CREATE UNIQUE INDEX "auth_user_groups_user_id_group_id_94350c0c_uniq" ON "auth_user_groups" ("user_id", "group_id");
CREATE INDEX IF NOT EXISTS "auth_user_groups_user_id_6a12ed8b" ON "auth_user_groups" ("user_id");
CREATE INDEX IF NOT EXISTS "auth_user_groups_group_id_97559544" ON "auth_user_groups" ("group_id");
CREATE UNIQUE INDEX "auth_user_user_permissions_user_id_permission_id_14a6b632_uniq" ON "auth_user_user_permissions" ("user_id", "permission_id");
CREATE INDEX IF NOT EXISTS "auth_user_user_permissions_user_id_a95ead1b" ON "auth_user_user_permissions" ("user_id");
CREATE INDEX IF NOT EXISTS "auth_user_user_permissions_permission_id_1fbb5f2c" ON "auth_user_user_permissions" ("permission_id");
CREATE INDEX IF NOT EXISTS "django_admin_log_content_type_id_c4bce8eb" ON "django_admin_log" ("content_type_id");
CREATE INDEX IF NOT EXISTS "django_admin_log_user_id_c564eba6" ON "django_admin_log" ("user_id");
CREATE UNIQUE INDEX "django_content_type_app_label_model_76bd3d3b_uniq" ON "django_content_type" ("app_label", "model");
CREATE UNIQUE INDEX "auth_permission_content_type_id_codename_01ab375a_uniq" ON "auth_permission" ("content_type_id", "codename");
CREATE INDEX IF NOT EXISTS "auth_permission_content_type_id_2f476e4b" ON "auth_permission" ("content_type_id");
CREATE INDEX IF NOT EXISTS "django_session_expire_date_a5c62663" ON "django_session" ("expire_date");
CREATE INDEX IF NOT EXISTS "portfolio_projectimages_project_id_15d31b95" ON "portfolio_projectimages" ("project_id");
CREATE INDEX IF NOT EXISTS "portfolio_jobs_jobs_for_id_5ff2bcd3" ON "portfolio_jobs" ("jobs_for_id");
CREATE INDEX IF NOT EXISTS "portfolio_course_lectures_course_id_2331758b" ON "portfolio_course_lectures" ("course_id");
CREATE INDEX IF NOT EXISTS "portfolio_course_benefits_course_id_2578314e" ON "portfolio_course_benefits" ("course_id");
CREATE INDEX IF NOT EXISTS "portfolio_course_requirements_course_id_d766a03d" ON "portfolio_course_requirements" ("course_id");
CREATE INDEX IF NOT EXISTS "portfolio_course_reviews_course_id_c0ea4d57" ON "portfolio_course_reviews" ("course_id");
CREATE INDEX IF NOT EXISTS "portfolio_courses_videos_course_id_ad0be848" ON "portfolio_courses_videos" ("course_id");
CREATE TABLE IF NOT EXISTS "portfolio_aboutme" ("id" integer NOT NULL PRIMARY KEY AUTOINCREMENT, "name" varchar(150) NOT NULL, "name_ar" varchar(150) NOT NULL, "description" text NOT NULL, "description_ar" text NOT NULL, "image" varchar(100) NOT NULL, "job" varchar(150) NOT NULL, "job_ar" varchar(150) NOT NULL, "email" varchar(254) NOT NULL, "phone" varchar(15) NOT NULL, "address" varchar(150) NOT NULL, "address_ar" varchar(150) NOT NULL, "facebook" varchar(200) NOT NULL, "github" varchar(200) NOT NULL, "whatsapp" varchar(15) NOT NULL, "linkedin" varchar(200) NOT NULL, "Resume" varchar(100) NOT NULL);
INSERT INTO "portfolio_aboutme" VALUES(1,'Karim Aboelazm',' ','Willing to work as a professional developer and use my information technology skills. Improve them,
while contributing in my organizations success and future growth. Keep learning modern information
technology and improve myself. Interesting in the position of software developer at a company. To
incorporate working knowledge of customized software design and developer and coding along with
honing my skills and contributing towards augmenting the reputation of the company.','         .  
      .     
  .        . 
          
      .','images/IMG_0680.JPG','Python Developer','   ','karimaboelazm28@gmail.com','+201278789685','Belbies','','https://facebook.com/karim-aboelazm','https://github.com/karim-aboelazm','+201278789685','https://www.linkedin.com/in/karim-mohamed-aboelazm-3717001b3/','resumes/Resume_W4kTx9f.pdf');
CREATE UNIQUE INDEX "auth_group_permissions_group_id_permission_id_0cd325b0_uniq" ON "auth_group_permissions" ("group_id", "permission_id");
CREATE INDEX IF NOT EXISTS "auth_group_permissions_group_id_b120cbf9" ON "auth_group_permissions" ("group_id");
CREATE INDEX IF NOT EXISTS "auth_group_permissions_permission_id_84c5c92e" ON "auth_group_permissions" ("permission_id");
CREATE UNIQUE INDEX "auth_user_groups_user_id_group_id_94350c0c_uniq" ON "auth_user_groups" ("user_id", "group_id");
CREATE INDEX IF NOT EXISTS "auth_user_groups_user_id_6a12ed8b" ON "auth_user_groups" ("user_id");
CREATE INDEX IF NOT EXISTS "auth_user_groups_group_id_97559544" ON "auth_user_groups" ("group_id");
CREATE UNIQUE INDEX "auth_user_user_permissions_user_id_permission_id_14a6b632_uniq" ON "auth_user_user_permissions" ("user_id", "permission_id");
CREATE INDEX IF NOT EXISTS "auth_user_user_permissions_user_id_a95ead1b" ON "auth_user_user_permissions" ("user_id");
CREATE INDEX IF NOT EXISTS "auth_user_user_permissions_permission_id_1fbb5f2c" ON "auth_user_user_permissions" ("permission_id");
CREATE INDEX IF NOT EXISTS "django_admin_log_content_type_id_c4bce8eb" ON "django_admin_log" ("content_type_id");
CREATE INDEX IF NOT EXISTS "django_admin_log_user_id_c564eba6" ON "django_admin_log" ("user_id");
CREATE UNIQUE INDEX "django_content_type_app_label_model_76bd3d3b_uniq" ON "django_content_type" ("app_label", "model");
CREATE UNIQUE INDEX "auth_permission_content_type_id_codename_01ab375a_uniq" ON "auth_permission" ("content_type_id", "codename");
CREATE INDEX IF NOT EXISTS "auth_permission_content_type_id_2f476e4b" ON "auth_permission" ("content_type_id");
CREATE INDEX IF NOT EXISTS "django_session_expire_date_a5c62663" ON "django_session" ("expire_date");
CREATE INDEX IF NOT EXISTS "portfolio_projectimages_project_id_15d31b95" ON "portfolio_projectimages" ("project_id");
CREATE INDEX IF NOT EXISTS "portfolio_jobs_jobs_for_id_5ff2bcd3" ON "portfolio_jobs" ("jobs_for_id");
CREATE INDEX IF NOT EXISTS "portfolio_course_lectures_course_id_2331758b" ON "portfolio_course_lectures" ("course_id");
CREATE INDEX IF NOT EXISTS "portfolio_course_benefits_course_id_2578314e" ON "portfolio_course_benefits" ("course_id");
CREATE INDEX IF NOT EXISTS "portfolio_course_requirements_course_id_d766a03d" ON "portfolio_course_requirements" ("course_id");
CREATE INDEX IF NOT EXISTS "portfolio_course_reviews_course_id_c0ea4d57" ON "portfolio_course_reviews" ("course_id");
CREATE INDEX IF NOT EXISTS "portfolio_courses_videos_course_id_ad0be848" ON "portfolio_courses_videos" ("course_id");
CREATE TABLE IF NOT EXISTS "portfolio_certifications" ("id" integer NOT NULL PRIMARY KEY AUTOINCREMENT, "image" varchar(100) NOT NULL);
INSERT INTO "portfolio_certifications" VALUES(1,'images/c1.jpg');
INSERT INTO "portfolio_certifications" VALUES(2,'images/c2.jpg');
INSERT INTO "portfolio_certifications" VALUES(3,'images/c3.jpg');
INSERT INTO "portfolio_certifications" VALUES(4,'images/c4.jpg');
INSERT INTO "portfolio_certifications" VALUES(5,'images/c5.jpg');
INSERT INTO "portfolio_certifications" VALUES(6,'images/c6.jpg');
INSERT INTO "portfolio_certifications" VALUES(7,'images/c7.jpg');
INSERT INTO "portfolio_certifications" VALUES(8,'images/c8.jpg');
INSERT INTO "portfolio_certifications" VALUES(9,'images/c9.jpg');
INSERT INTO "portfolio_certifications" VALUES(10,'images/c10.jpg');
INSERT INTO "portfolio_certifications" VALUES(11,'images/c11.jpg');
INSERT INTO "portfolio_certifications" VALUES(12,'images/c12.jpg');
CREATE UNIQUE INDEX "auth_group_permissions_group_id_permission_id_0cd325b0_uniq" ON "auth_group_permissions" ("group_id", "permission_id");
CREATE INDEX IF NOT EXISTS "auth_group_permissions_group_id_b120cbf9" ON "auth_group_permissions" ("group_id");
CREATE INDEX IF NOT EXISTS "auth_group_permissions_permission_id_84c5c92e" ON "auth_group_permissions" ("permission_id");
CREATE UNIQUE INDEX "auth_user_groups_user_id_group_id_94350c0c_uniq" ON "auth_user_groups" ("user_id", "group_id");
CREATE INDEX IF NOT EXISTS "auth_user_groups_user_id_6a12ed8b" ON "auth_user_groups" ("user_id");
CREATE INDEX IF NOT EXISTS "auth_user_groups_group_id_97559544" ON "auth_user_groups" ("group_id");
CREATE UNIQUE INDEX "auth_user_user_permissions_user_id_permission_id_14a6b632_uniq" ON "auth_user_user_permissions" ("user_id", "permission_id");
CREATE INDEX IF NOT EXISTS "auth_user_user_permissions_user_id_a95ead1b" ON "auth_user_user_permissions" ("user_id");
CREATE INDEX IF NOT EXISTS "auth_user_user_permissions_permission_id_1fbb5f2c" ON "auth_user_user_permissions" ("permission_id");
CREATE INDEX IF NOT EXISTS "django_admin_log_content_type_id_c4bce8eb" ON "django_admin_log" ("content_type_id");
CREATE INDEX IF NOT EXISTS "django_admin_log_user_id_c564eba6" ON "django_admin_log" ("user_id");
CREATE UNIQUE INDEX "django_content_type_app_label_model_76bd3d3b_uniq" ON "django_content_type" ("app_label", "model");
CREATE UNIQUE INDEX "auth_permission_content_type_id_codename_01ab375a_uniq" ON "auth_permission" ("content_type_id", "codename");
CREATE INDEX IF NOT EXISTS "auth_permission_content_type_id_2f476e4b" ON "auth_permission" ("content_type_id");
CREATE INDEX IF NOT EXISTS "django_session_expire_date_a5c62663" ON "django_session" ("expire_date");
CREATE INDEX IF NOT EXISTS "portfolio_projectimages_project_id_15d31b95" ON "portfolio_projectimages" ("project_id");
CREATE INDEX IF NOT EXISTS "portfolio_jobs_jobs_for_id_5ff2bcd3" ON "portfolio_jobs" ("jobs_for_id");
CREATE INDEX IF NOT EXISTS "portfolio_course_lectures_course_id_2331758b" ON "portfolio_course_lectures" ("course_id");
CREATE INDEX IF NOT EXISTS "portfolio_course_benefits_course_id_2578314e" ON "portfolio_course_benefits" ("course_id");
CREATE INDEX IF NOT EXISTS "portfolio_course_requirements_course_id_d766a03d" ON "portfolio_course_requirements" ("course_id");
CREATE INDEX IF NOT EXISTS "portfolio_course_reviews_course_id_c0ea4d57" ON "portfolio_course_reviews" ("course_id");
CREATE INDEX IF NOT EXISTS "portfolio_courses_videos_course_id_ad0be848" ON "portfolio_courses_videos" ("course_id");
CREATE TABLE IF NOT EXISTS "portfolio_course_benefits" ("id" integer NOT NULL PRIMARY KEY AUTOINCREMENT, "benefit" varchar(150) NOT NULL, "course_id" bigint NOT NULL REFERENCES "portfolio_courses" ("id") DEFERRABLE INITIALLY DEFERRED);
INSERT INTO "portfolio_course_benefits" VALUES(1,'what python woks ?',1);
INSERT INTO "portfolio_course_benefits" VALUES(2,'How to code python ?',1);
CREATE UNIQUE INDEX "auth_group_permissions_group_id_permission_id_0cd325b0_uniq" ON "auth_group_permissions" ("group_id", "permission_id");
CREATE INDEX IF NOT EXISTS "auth_group_permissions_group_id_b120cbf9" ON "auth_group_permissions" ("group_id");
CREATE INDEX IF NOT EXISTS "auth_group_permissions_permission_id_84c5c92e" ON "auth_group_permissions" ("permission_id");
CREATE UNIQUE INDEX "auth_user_groups_user_id_group_id_94350c0c_uniq" ON "auth_user_groups" ("user_id", "group_id");
CREATE INDEX IF NOT EXISTS "auth_user_groups_user_id_6a12ed8b" ON "auth_user_groups" ("user_id");
CREATE INDEX IF NOT EXISTS "auth_user_groups_group_id_97559544" ON "auth_user_groups" ("group_id");
CREATE UNIQUE INDEX "auth_user_user_permissions_user_id_permission_id_14a6b632_uniq" ON "auth_user_user_permissions" ("user_id", "permission_id");
CREATE INDEX IF NOT EXISTS "auth_user_user_permissions_user_id_a95ead1b" ON "auth_user_user_permissions" ("user_id");
CREATE INDEX IF NOT EXISTS "auth_user_user_permissions_permission_id_1fbb5f2c" ON "auth_user_user_permissions" ("permission_id");
CREATE INDEX IF NOT EXISTS "django_admin_log_content_type_id_c4bce8eb" ON "django_admin_log" ("content_type_id");
CREATE INDEX IF NOT EXISTS "django_admin_log_user_id_c564eba6" ON "django_admin_log" ("user_id");
CREATE UNIQUE INDEX "django_content_type_app_label_model_76bd3d3b_uniq" ON "django_content_type" ("app_label", "model");
CREATE UNIQUE INDEX "auth_permission_content_type_id_codename_01ab375a_uniq" ON "auth_permission" ("content_type_id", "codename");
CREATE INDEX IF NOT EXISTS "auth_permission_content_type_id_2f476e4b" ON "auth_permission" ("content_type_id");
CREATE INDEX IF NOT EXISTS "django_session_expire_date_a5c62663" ON "django_session" ("expire_date");
CREATE INDEX IF NOT EXISTS "portfolio_projectimages_project_id_15d31b95" ON "portfolio_projectimages" ("project_id");
CREATE INDEX IF NOT EXISTS "portfolio_jobs_jobs_for_id_5ff2bcd3" ON "portfolio_jobs" ("jobs_for_id");
CREATE INDEX IF NOT EXISTS "portfolio_course_lectures_course_id_2331758b" ON "portfolio_course_lectures" ("course_id");
CREATE INDEX IF NOT EXISTS "portfolio_course_benefits_course_id_2578314e" ON "portfolio_course_benefits" ("course_id");
CREATE INDEX IF NOT EXISTS "portfolio_course_requirements_course_id_d766a03d" ON "portfolio_course_requirements" ("course_id");
CREATE INDEX IF NOT EXISTS "portfolio_course_reviews_course_id_c0ea4d57" ON "portfolio_course_reviews" ("course_id");
CREATE INDEX IF NOT EXISTS "portfolio_courses_videos_course_id_ad0be848" ON "portfolio_courses_videos" ("course_id");
CREATE TABLE IF NOT EXISTS "portfolio_course_lectures" ("id" integer NOT NULL PRIMARY KEY AUTOINCREMENT, "title" varchar(150) NOT NULL, "title_ar" varchar(150) NOT NULL, "description" text NOT NULL, "description_ar" text NOT NULL, "content_in_pdf" varchar(100) NOT NULL, "Content_number" smallint unsigned NOT NULL CHECK ("Content_number" >= 0), "course_id" bigint NOT NULL REFERENCES "portfolio_courses" ("id") DEFERRABLE INITIALLY DEFERRED);
INSERT INTO "portfolio_course_lectures" VALUES(1,'Lecture one Content','  ','in this PDF you will learn in special way the definitions of python and all key words used in that lecture','                  ','courses/content_pdfs/chapter1_T113ib8.pdf',1,1);
CREATE UNIQUE INDEX "auth_group_permissions_group_id_permission_id_0cd325b0_uniq" ON "auth_group_permissions" ("group_id", "permission_id");
CREATE INDEX IF NOT EXISTS "auth_group_permissions_group_id_b120cbf9" ON "auth_group_permissions" ("group_id");
CREATE INDEX IF NOT EXISTS "auth_group_permissions_permission_id_84c5c92e" ON "auth_group_permissions" ("permission_id");
CREATE UNIQUE INDEX "auth_user_groups_user_id_group_id_94350c0c_uniq" ON "auth_user_groups" ("user_id", "group_id");
CREATE INDEX IF NOT EXISTS "auth_user_groups_user_id_6a12ed8b" ON "auth_user_groups" ("user_id");
CREATE INDEX IF NOT EXISTS "auth_user_groups_group_id_97559544" ON "auth_user_groups" ("group_id");
CREATE UNIQUE INDEX "auth_user_user_permissions_user_id_permission_id_14a6b632_uniq" ON "auth_user_user_permissions" ("user_id", "permission_id");
CREATE INDEX IF NOT EXISTS "auth_user_user_permissions_user_id_a95ead1b" ON "auth_user_user_permissions" ("user_id");
CREATE INDEX IF NOT EXISTS "auth_user_user_permissions_permission_id_1fbb5f2c" ON "auth_user_user_permissions" ("permission_id");
CREATE INDEX IF NOT EXISTS "django_admin_log_content_type_id_c4bce8eb" ON "django_admin_log" ("content_type_id");
CREATE INDEX IF NOT EXISTS "django_admin_log_user_id_c564eba6" ON "django_admin_log" ("user_id");
CREATE UNIQUE INDEX "django_content_type_app_label_model_76bd3d3b_uniq" ON "django_content_type" ("app_label", "model");
CREATE UNIQUE INDEX "auth_permission_content_type_id_codename_01ab375a_uniq" ON "auth_permission" ("content_type_id", "codename");
CREATE INDEX IF NOT EXISTS "auth_permission_content_type_id_2f476e4b" ON "auth_permission" ("content_type_id");
CREATE INDEX IF NOT EXISTS "django_session_expire_date_a5c62663" ON "django_session" ("expire_date");
CREATE INDEX IF NOT EXISTS "portfolio_projectimages_project_id_15d31b95" ON "portfolio_projectimages" ("project_id");
CREATE INDEX IF NOT EXISTS "portfolio_jobs_jobs_for_id_5ff2bcd3" ON "portfolio_jobs" ("jobs_for_id");
CREATE INDEX IF NOT EXISTS "portfolio_course_lectures_course_id_2331758b" ON "portfolio_course_lectures" ("course_id");
CREATE INDEX IF NOT EXISTS "portfolio_course_benefits_course_id_2578314e" ON "portfolio_course_benefits" ("course_id");
CREATE INDEX IF NOT EXISTS "portfolio_course_requirements_course_id_d766a03d" ON "portfolio_course_requirements" ("course_id");
CREATE INDEX IF NOT EXISTS "portfolio_course_reviews_course_id_c0ea4d57" ON "portfolio_course_reviews" ("course_id");
CREATE INDEX IF NOT EXISTS "portfolio_courses_videos_course_id_ad0be848" ON "portfolio_courses_videos" ("course_id");
CREATE TABLE IF NOT EXISTS "portfolio_course_requirements" ("id" integer NOT NULL PRIMARY KEY AUTOINCREMENT, "requirement" varchar(150) NOT NULL, "course_id" bigint NOT NULL REFERENCES "portfolio_courses" ("id") DEFERRABLE INITIALLY DEFERRED);
CREATE UNIQUE INDEX "auth_group_permissions_group_id_permission_id_0cd325b0_uniq" ON "auth_group_permissions" ("group_id", "permission_id");
CREATE INDEX IF NOT EXISTS "auth_group_permissions_group_id_b120cbf9" ON "auth_group_permissions" ("group_id");
CREATE INDEX IF NOT EXISTS "auth_group_permissions_permission_id_84c5c92e" ON "auth_group_permissions" ("permission_id");
CREATE UNIQUE INDEX "auth_user_groups_user_id_group_id_94350c0c_uniq" ON "auth_user_groups" ("user_id", "group_id");
CREATE INDEX IF NOT EXISTS "auth_user_groups_user_id_6a12ed8b" ON "auth_user_groups" ("user_id");
CREATE INDEX IF NOT EXISTS "auth_user_groups_group_id_97559544" ON "auth_user_groups" ("group_id");
CREATE UNIQUE INDEX "auth_user_user_permissions_user_id_permission_id_14a6b632_uniq" ON "auth_user_user_permissions" ("user_id", "permission_id");
CREATE INDEX IF NOT EXISTS "auth_user_user_permissions_user_id_a95ead1b" ON "auth_user_user_permissions" ("user_id");
CREATE INDEX IF NOT EXISTS "auth_user_user_permissions_permission_id_1fbb5f2c" ON "auth_user_user_permissions" ("permission_id");
CREATE INDEX IF NOT EXISTS "django_admin_log_content_type_id_c4bce8eb" ON "django_admin_log" ("content_type_id");
CREATE INDEX IF NOT EXISTS "django_admin_log_user_id_c564eba6" ON "django_admin_log" ("user_id");
CREATE UNIQUE INDEX "django_content_type_app_label_model_76bd3d3b_uniq" ON "django_content_type" ("app_label", "model");
CREATE UNIQUE INDEX "auth_permission_content_type_id_codename_01ab375a_uniq" ON "auth_permission" ("content_type_id", "codename");
CREATE INDEX IF NOT EXISTS "auth_permission_content_type_id_2f476e4b" ON "auth_permission" ("content_type_id");
CREATE INDEX IF NOT EXISTS "django_session_expire_date_a5c62663" ON "django_session" ("expire_date");
CREATE INDEX IF NOT EXISTS "portfolio_projectimages_project_id_15d31b95" ON "portfolio_projectimages" ("project_id");
CREATE INDEX IF NOT EXISTS "portfolio_jobs_jobs_for_id_5ff2bcd3" ON "portfolio_jobs" ("jobs_for_id");
CREATE INDEX IF NOT EXISTS "portfolio_course_lectures_course_id_2331758b" ON "portfolio_course_lectures" ("course_id");
CREATE INDEX IF NOT EXISTS "portfolio_course_benefits_course_id_2578314e" ON "portfolio_course_benefits" ("course_id");
CREATE INDEX IF NOT EXISTS "portfolio_course_requirements_course_id_d766a03d" ON "portfolio_course_requirements" ("course_id");
CREATE INDEX IF NOT EXISTS "portfolio_course_reviews_course_id_c0ea4d57" ON "portfolio_course_reviews" ("course_id");
CREATE INDEX IF NOT EXISTS "portfolio_courses_videos_course_id_ad0be848" ON "portfolio_courses_videos" ("course_id");
CREATE TABLE IF NOT EXISTS "portfolio_course_reviews" ("id" integer NOT NULL PRIMARY KEY AUTOINCREMENT, "pub_date" datetime NOT NULL, "user_name" varchar(100) NOT NULL, "comment" varchar(200) NOT NULL, "rating" integer NOT NULL, "course_id" bigint NOT NULL REFERENCES "portfolio_courses" ("id") DEFERRABLE INITIALLY DEFERRED);
CREATE UNIQUE INDEX "auth_group_permissions_group_id_permission_id_0cd325b0_uniq" ON "auth_group_permissions" ("group_id", "permission_id");
CREATE INDEX IF NOT EXISTS "auth_group_permissions_group_id_b120cbf9" ON "auth_group_permissions" ("group_id");
CREATE INDEX IF NOT EXISTS "auth_group_permissions_permission_id_84c5c92e" ON "auth_group_permissions" ("permission_id");
CREATE UNIQUE INDEX "auth_user_groups_user_id_group_id_94350c0c_uniq" ON "auth_user_groups" ("user_id", "group_id");
CREATE INDEX IF NOT EXISTS "auth_user_groups_user_id_6a12ed8b" ON "auth_user_groups" ("user_id");
CREATE INDEX IF NOT EXISTS "auth_user_groups_group_id_97559544" ON "auth_user_groups" ("group_id");
CREATE UNIQUE INDEX "auth_user_user_permissions_user_id_permission_id_14a6b632_uniq" ON "auth_user_user_permissions" ("user_id", "permission_id");
CREATE INDEX IF NOT EXISTS "auth_user_user_permissions_user_id_a95ead1b" ON "auth_user_user_permissions" ("user_id");
CREATE INDEX IF NOT EXISTS "auth_user_user_permissions_permission_id_1fbb5f2c" ON "auth_user_user_permissions" ("permission_id");
CREATE INDEX IF NOT EXISTS "django_admin_log_content_type_id_c4bce8eb" ON "django_admin_log" ("content_type_id");
CREATE INDEX IF NOT EXISTS "django_admin_log_user_id_c564eba6" ON "django_admin_log" ("user_id");
CREATE UNIQUE INDEX "django_content_type_app_label_model_76bd3d3b_uniq" ON "django_content_type" ("app_label", "model");
CREATE UNIQUE INDEX "auth_permission_content_type_id_codename_01ab375a_uniq" ON "auth_permission" ("content_type_id", "codename");
CREATE INDEX IF NOT EXISTS "auth_permission_content_type_id_2f476e4b" ON "auth_permission" ("content_type_id");
CREATE INDEX IF NOT EXISTS "django_session_expire_date_a5c62663" ON "django_session" ("expire_date");
CREATE INDEX IF NOT EXISTS "portfolio_projectimages_project_id_15d31b95" ON "portfolio_projectimages" ("project_id");
CREATE INDEX IF NOT EXISTS "portfolio_jobs_jobs_for_id_5ff2bcd3" ON "portfolio_jobs" ("jobs_for_id");
CREATE INDEX IF NOT EXISTS "portfolio_course_lectures_course_id_2331758b" ON "portfolio_course_lectures" ("course_id");
CREATE INDEX IF NOT EXISTS "portfolio_course_benefits_course_id_2578314e" ON "portfolio_course_benefits" ("course_id");
CREATE INDEX IF NOT EXISTS "portfolio_course_requirements_course_id_d766a03d" ON "portfolio_course_requirements" ("course_id");
CREATE INDEX IF NOT EXISTS "portfolio_course_reviews_course_id_c0ea4d57" ON "portfolio_course_reviews" ("course_id");
CREATE INDEX IF NOT EXISTS "portfolio_courses_videos_course_id_ad0be848" ON "portfolio_courses_videos" ("course_id");
CREATE TABLE IF NOT EXISTS "portfolio_courses" ("id" integer NOT NULL PRIMARY KEY AUTOINCREMENT, "title" varchar(150) NOT NULL, "title_ar" varchar(150) NOT NULL, "description" text NOT NULL, "description_ar" text NOT NULL, "poster" varchar(100) NOT NULL, "started_at" date NOT NULL, "ended_at" date NOT NULL, "price" integer unsigned NOT NULL CHECK ("price" >= 0), "discount" integer unsigned NOT NULL CHECK ("discount" >= 0), "price_after_discount" integer unsigned NOT NULL CHECK ("price_after_discount" >= 0), "language" varchar(150) NOT NULL, "language_ar" varchar(150) NOT NULL);
INSERT INTO "portfolio_courses" VALUES(1,'Python Basics','  ','Python is a computer programming language often used to build websites and software, automate tasks, and conduct data analysis. Python is a general-purpose language, meaning it can be used to create a variety of different programs and isn''t specialized for any specific problems.','               .                        .','courses/posters/images_0miIgz4.jpeg','2023-01-17','2023-02-20',50,10,45,'English','');
CREATE UNIQUE INDEX "auth_group_permissions_group_id_permission_id_0cd325b0_uniq" ON "auth_group_permissions" ("group_id", "permission_id");
CREATE INDEX IF NOT EXISTS "auth_group_permissions_group_id_b120cbf9" ON "auth_group_permissions" ("group_id");
CREATE INDEX IF NOT EXISTS "auth_group_permissions_permission_id_84c5c92e" ON "auth_group_permissions" ("permission_id");
CREATE UNIQUE INDEX "auth_user_groups_user_id_group_id_94350c0c_uniq" ON "auth_user_groups" ("user_id", "group_id");
CREATE INDEX IF NOT EXISTS "auth_user_groups_user_id_6a12ed8b" ON "auth_user_groups" ("user_id");
CREATE INDEX IF NOT EXISTS "auth_user_groups_group_id_97559544" ON "auth_user_groups" ("group_id");
CREATE UNIQUE INDEX "auth_user_user_permissions_user_id_permission_id_14a6b632_uniq" ON "auth_user_user_permissions" ("user_id", "permission_id");
CREATE INDEX IF NOT EXISTS "auth_user_user_permissions_user_id_a95ead1b" ON "auth_user_user_permissions" ("user_id");
CREATE INDEX IF NOT EXISTS "auth_user_user_permissions_permission_id_1fbb5f2c" ON "auth_user_user_permissions" ("permission_id");
CREATE INDEX IF NOT EXISTS "django_admin_log_content_type_id_c4bce8eb" ON "django_admin_log" ("content_type_id");
CREATE INDEX IF NOT EXISTS "django_admin_log_user_id_c564eba6" ON "django_admin_log" ("user_id");
CREATE UNIQUE INDEX "django_content_type_app_label_model_76bd3d3b_uniq" ON "django_content_type" ("app_label", "model");
CREATE UNIQUE INDEX "auth_permission_content_type_id_codename_01ab375a_uniq" ON "auth_permission" ("content_type_id", "codename");
CREATE INDEX IF NOT EXISTS "auth_permission_content_type_id_2f476e4b" ON "auth_permission" ("content_type_id");
CREATE INDEX IF NOT EXISTS "django_session_expire_date_a5c62663" ON "django_session" ("expire_date");
CREATE INDEX IF NOT EXISTS "portfolio_projectimages_project_id_15d31b95" ON "portfolio_projectimages" ("project_id");
CREATE INDEX IF NOT EXISTS "portfolio_jobs_jobs_for_id_5ff2bcd3" ON "portfolio_jobs" ("jobs_for_id");
CREATE INDEX IF NOT EXISTS "portfolio_course_lectures_course_id_2331758b" ON "portfolio_course_lectures" ("course_id");
CREATE INDEX IF NOT EXISTS "portfolio_course_benefits_course_id_2578314e" ON "portfolio_course_benefits" ("course_id");
CREATE INDEX IF NOT EXISTS "portfolio_course_requirements_course_id_d766a03d" ON "portfolio_course_requirements" ("course_id");
CREATE INDEX IF NOT EXISTS "portfolio_course_reviews_course_id_c0ea4d57" ON "portfolio_course_reviews" ("course_id");
CREATE INDEX IF NOT EXISTS "portfolio_courses_videos_course_id_ad0be848" ON "portfolio_courses_videos" ("course_id");
CREATE TABLE IF NOT EXISTS "portfolio_courses_videos" ("id" integer NOT NULL PRIMARY KEY AUTOINCREMENT, "title" varchar(150) NOT NULL, "title_ar" varchar(150) NOT NULL, "description" text NOT NULL, "poster" varchar(100) NOT NULL, "video" varchar(100) NOT NULL, "video_number" smallint unsigned NOT NULL CHECK ("video_number" >= 0), "course_id" bigint NOT NULL REFERENCES "portfolio_courses" ("id") DEFERRABLE INITIALLY DEFERRED, "video_duration_in_min" smallint unsigned NOT NULL CHECK ("video_duration_in_min" >= 0), "description_ar" text NOT NULL);
INSERT INTO "portfolio_courses_videos" VALUES(1,'What is Python ?','    ','A programming learning course for beginners from scratch, which was specially prepared to be the best, easiest and most enjoyable way, God willing, to start learning programming without any previous knowledge or experience in programming, and for everyone who tried to learn programming previously and did not succeed or did not complete due to any difficulties or challenges:','courses/Videos/Posters/images.jpeg','courses/Videos/__-_________.mp4',1,1,80,'                                                :');
CREATE UNIQUE INDEX "auth_group_permissions_group_id_permission_id_0cd325b0_uniq" ON "auth_group_permissions" ("group_id", "permission_id");
CREATE INDEX IF NOT EXISTS "auth_group_permissions_group_id_b120cbf9" ON "auth_group_permissions" ("group_id");
CREATE INDEX IF NOT EXISTS "auth_group_permissions_permission_id_84c5c92e" ON "auth_group_permissions" ("permission_id");
CREATE UNIQUE INDEX "auth_user_groups_user_id_group_id_94350c0c_uniq" ON "auth_user_groups" ("user_id", "group_id");
CREATE INDEX IF NOT EXISTS "auth_user_groups_user_id_6a12ed8b" ON "auth_user_groups" ("user_id");
CREATE INDEX IF NOT EXISTS "auth_user_groups_group_id_97559544" ON "auth_user_groups" ("group_id");
CREATE UNIQUE INDEX "auth_user_user_permissions_user_id_permission_id_14a6b632_uniq" ON "auth_user_user_permissions" ("user_id", "permission_id");
CREATE INDEX IF NOT EXISTS "auth_user_user_permissions_user_id_a95ead1b" ON "auth_user_user_permissions" ("user_id");
CREATE INDEX IF NOT EXISTS "auth_user_user_permissions_permission_id_1fbb5f2c" ON "auth_user_user_permissions" ("permission_id");
CREATE INDEX IF NOT EXISTS "django_admin_log_content_type_id_c4bce8eb" ON "django_admin_log" ("content_type_id");
CREATE INDEX IF NOT EXISTS "django_admin_log_user_id_c564eba6" ON "django_admin_log" ("user_id");
CREATE UNIQUE INDEX "django_content_type_app_label_model_76bd3d3b_uniq" ON "django_content_type" ("app_label", "model");
CREATE UNIQUE INDEX "auth_permission_content_type_id_codename_01ab375a_uniq" ON "auth_permission" ("content_type_id", "codename");
CREATE INDEX IF NOT EXISTS "auth_permission_content_type_id_2f476e4b" ON "auth_permission" ("content_type_id");
CREATE INDEX IF NOT EXISTS "django_session_expire_date_a5c62663" ON "django_session" ("expire_date");
CREATE INDEX IF NOT EXISTS "portfolio_projectimages_project_id_15d31b95" ON "portfolio_projectimages" ("project_id");
CREATE INDEX IF NOT EXISTS "portfolio_jobs_jobs_for_id_5ff2bcd3" ON "portfolio_jobs" ("jobs_for_id");
CREATE INDEX IF NOT EXISTS "portfolio_course_lectures_course_id_2331758b" ON "portfolio_course_lectures" ("course_id");
CREATE INDEX IF NOT EXISTS "portfolio_course_benefits_course_id_2578314e" ON "portfolio_course_benefits" ("course_id");
CREATE INDEX IF NOT EXISTS "portfolio_course_requirements_course_id_d766a03d" ON "portfolio_course_requirements" ("course_id");
CREATE INDEX IF NOT EXISTS "portfolio_course_reviews_course_id_c0ea4d57" ON "portfolio_course_reviews" ("course_id");
CREATE INDEX IF NOT EXISTS "portfolio_courses_videos_course_id_ad0be848" ON "portfolio_courses_videos" ("course_id");
CREATE TABLE IF NOT EXISTS "portfolio_jobs" ("id" integer NOT NULL PRIMARY KEY AUTOINCREMENT, "title" varchar(150) NOT NULL, "title_ar" varchar(150) NOT NULL, "jobs_for_id" bigint NOT NULL REFERENCES "portfolio_aboutme" ("id") DEFERRABLE INITIALLY DEFERRED);
INSERT INTO "portfolio_jobs" VALUES(5,'Machine Learning Developer','  ',1);
INSERT INTO "portfolio_jobs" VALUES(6,'Mobile Developer',' ',1);
INSERT INTO "portfolio_jobs" VALUES(7,'Python Developer',' ',1);
INSERT INTO "portfolio_jobs" VALUES(8,'Web Developer',' ',1);
INSERT INTO "portfolio_jobs" VALUES(9,'Web Designer',' ',1);
CREATE UNIQUE INDEX "auth_group_permissions_group_id_permission_id_0cd325b0_uniq" ON "auth_group_permissions" ("group_id", "permission_id");
CREATE INDEX IF NOT EXISTS "auth_group_permissions_group_id_b120cbf9" ON "auth_group_permissions" ("group_id");
CREATE INDEX IF NOT EXISTS "auth_group_permissions_permission_id_84c5c92e" ON "auth_group_permissions" ("permission_id");
CREATE UNIQUE INDEX "auth_user_groups_user_id_group_id_94350c0c_uniq" ON "auth_user_groups" ("user_id", "group_id");
CREATE INDEX IF NOT EXISTS "auth_user_groups_user_id_6a12ed8b" ON "auth_user_groups" ("user_id");
CREATE INDEX IF NOT EXISTS "auth_user_groups_group_id_97559544" ON "auth_user_groups" ("group_id");
CREATE UNIQUE INDEX "auth_user_user_permissions_user_id_permission_id_14a6b632_uniq" ON "auth_user_user_permissions" ("user_id", "permission_id");
CREATE INDEX IF NOT EXISTS "auth_user_user_permissions_user_id_a95ead1b" ON "auth_user_user_permissions" ("user_id");
CREATE INDEX IF NOT EXISTS "auth_user_user_permissions_permission_id_1fbb5f2c" ON "auth_user_user_permissions" ("permission_id");
CREATE INDEX IF NOT EXISTS "django_admin_log_content_type_id_c4bce8eb" ON "django_admin_log" ("content_type_id");
CREATE INDEX IF NOT EXISTS "django_admin_log_user_id_c564eba6" ON "django_admin_log" ("user_id");
CREATE UNIQUE INDEX "django_content_type_app_label_model_76bd3d3b_uniq" ON "django_content_type" ("app_label", "model");
CREATE UNIQUE INDEX "auth_permission_content_type_id_codename_01ab375a_uniq" ON "auth_permission" ("content_type_id", "codename");
CREATE INDEX IF NOT EXISTS "auth_permission_content_type_id_2f476e4b" ON "auth_permission" ("content_type_id");
CREATE INDEX IF NOT EXISTS "django_session_expire_date_a5c62663" ON "django_session" ("expire_date");
CREATE INDEX IF NOT EXISTS "portfolio_projectimages_project_id_15d31b95" ON "portfolio_projectimages" ("project_id");
CREATE INDEX IF NOT EXISTS "portfolio_jobs_jobs_for_id_5ff2bcd3" ON "portfolio_jobs" ("jobs_for_id");
CREATE INDEX IF NOT EXISTS "portfolio_course_lectures_course_id_2331758b" ON "portfolio_course_lectures" ("course_id");
CREATE INDEX IF NOT EXISTS "portfolio_course_benefits_course_id_2578314e" ON "portfolio_course_benefits" ("course_id");
CREATE INDEX IF NOT EXISTS "portfolio_course_requirements_course_id_d766a03d" ON "portfolio_course_requirements" ("course_id");
CREATE INDEX IF NOT EXISTS "portfolio_course_reviews_course_id_c0ea4d57" ON "portfolio_course_reviews" ("course_id");
CREATE INDEX IF NOT EXISTS "portfolio_courses_videos_course_id_ad0be848" ON "portfolio_courses_videos" ("course_id");
CREATE TABLE IF NOT EXISTS "portfolio_portfolio" ("id" integer NOT NULL PRIMARY KEY AUTOINCREMENT, "project_name" varchar(100) NOT NULL, "project_name_ar" varchar(100) NOT NULL, "category" varchar(50) NOT NULL, "category_ar" varchar(50) NOT NULL, "client" varchar(50) NOT NULL, "client_ar" varchar(50) NOT NULL, "project_date" date NOT NULL, "project_url" varchar(200) NOT NULL, "project_image" varchar(100) NOT NULL, "project_desc" text NOT NULL, "project_desc_ar" text NOT NULL);
INSERT INTO "portfolio_portfolio" VALUES(7,'Bone X-rays',' ','web Development & ML','    ','Student Of Zagazig Univeristy','  ','2021-07-21','https://github.com/karim-aboelazm/BONE-X','images/digital-x-ray-melbourne-radiology.jpg','Bone x-ray uses a very small dose of ionizing radiation to produce pictures of any bone in the body. It is commonly used to diagnose fractured bones or joint dislocation. Bone x-rays are the fastest and easiest way for your doctor to view and assess bone fractures, injuries and joint abnormalities.','               .        .                  .');
INSERT INTO "portfolio_portfolio" VALUES(8,'PDF Voice Reader','  ','python','','My-Slef','','2022-07-20','https://github.com/karim-aboelazm/Pdf_Reader_With_Python','images/pdf-voice-reader.jpg','A PDF Audio Reader, on the other hand, is a text to speech software (TTS). Its primary purpose is to convert text into audio. In other words, it reads text out loud. Most PDF Audio Readers have the capability to read not just PDF files but also Word and web (HTML), Kindle, and other text file formats. Initially, the software was created to assist the visually impaired, but now all users can take advantage of the software. Many are trying to avoid eyestrain like in the case of writers proofreading their own work. They use TTS software to read their work back to them so they can take a little break from staring at the computer screen. In other applications, usually in mobile devices like smartphones and tablets, TTS Apps are used to convert important text messages and/or emails to speech when the user is doing something that occupies their hands and eyes, like driving for example. Others simply like to relax and listen to the audio conversion of an e-book or long article instead of actually reading the text.','       PDF       (TTS).        .       .    PDF         PDF   Word  (HTML)  Kindle    .                 .               .   TTS              .                 TTS      /                   .                  .');
INSERT INTO "portfolio_portfolio" VALUES(9,'News Detection',' ','web Development & ML','    ','Student Of OI','  ','2022-05-20','https://github.com/karim-aboelazm/DrNews','images/1_9zw6JrJvOia3fANCflkjjA.jpeg','Fake news is a real problem in todays world, and it has become more extensive and harder to identify. A major challenge in fake news detection is to detect it in the early phase. Another challenge in fake news detection is the unavailability or the shortage of labelled data for training the detection models. We propose a novel fake news detection framework that can address these challenges. Our proposed framework exploits the information from the news articles and the social contexts to detect fake news. The proposed model is based on a Transformer architecture, which has two parts: the encoder part to learn useful representations from the fake news data and the decoder part that predicts the future behaviour based on past observations. We also incorporate many features from the news content and social contexts into our model to help us classify the news better. In addition, we propose an effective labelling technique to address the label shortage problem. Experimental results on real-world data show that our model can detect fake news with higher accuracy within a few minutes after it propagates (early detection) than the baselines.','              .             .                .           .               .      Transformer     :                     .                   .             .                     ( )   .');
INSERT INTO "portfolio_portfolio" VALUES(10,'Resume Screening','  ','web Development & ML','    ','Student Of OI','  ','2022-05-20','https://github.com/karim-aboelazm/Automate-Resume-Screening','images/960x0.jpg','Resume screening is the process of reviewing a resume to determine if the candidate is qualified for the position. The decision of whether the candidate is qualified or not is based on education, experience, skills, and any other relevant information that may appear on the resume.','               .                       .  .          Eddy            .');
INSERT INTO "portfolio_portfolio" VALUES(11,'Pavilion Teck',' ','web development',' ','Eng . Ahmed Elgohary','  ','2022-08-18','https://www.pavillionteck.com/','images/iStock-1145589623-960x600.jpg','A leading institution in the field of information technology in the United Arab Emirates, we create ideas and implement them in professional ways, we enhance the digital presence and support the states vision 2030 with professional services, we make you see your idea from its birth step by step until its launch among the major competing projects, we aspire to help you and support you and reach your satisfaction, we help you implement your idea Or your project, a website or a mobile app for Android and iPhone, and a control panel in both languages We use our experience to help our clients implement their projects by understanding their ideas, improving them, putting them into practice, reaching out to all emerging and existing businesses to share their success stories, and benefiting from their experiences and benefiting from what we have learned in the UAE market.','                        2030                                                                                      .');
INSERT INTO "portfolio_portfolio" VALUES(12,'Dr Plants',' ','web Development & ML','    ','Student Of OI','  ','2022-05-10','https://github.com/karim-aboelazm/Drplants','images/AI.jpg','Plant diseases and pests are important factors determining the yield and quality of plants. Plant diseases and pests identification can be carried out by means of digital image processing. In recent years, deep learning has made breakthroughs in the field of digital image processing, far superior to traditional methods. How to use deep learning technology to study plant diseases and pests identification has become a research issue of great concern to researchers. This review provides a definition of plant diseases and pests detection problem, puts forward a comparison with traditional plant diseases and pests detection methods. According to the difference of network structure, this study outlines the research on plant diseases and pests detection based on deep learning in recent years from three aspects of classification network, detection network and segmentation network, and the advantages and disadvantages of each method are summarized. Common datasets are introduced, and the performance of existing studies is compared. On this basis, this study discusses possible challenges in practical applications of plant diseases and pests detection based on deep learning. In addition, possible solutions and research ideas are proposed for the challenges, and several suggestions are given. Finally, this study gives the analysis and prospect of the future trend of plant diseases and pests detection based on deep learning.','           .          .                  .                 .                    .                                     .         .                    .                 .                 .');
INSERT INTO "portfolio_portfolio" VALUES(13,'Playlist downloader','      ','python','','My-Slef','','2021-10-23','https://github.com/karim-aboelazm/python-youtube-downloader','images/fb_boosted_ads_cover.webp','Using this optional feature lets you auto-download videos from any playlist the moment they''re posted on YouTube. You can choose to save the YouTube videos in a video format (MP4, FLV, or WEBM) or an audio format (MP3, M4A, or OGG)','                 YouTube.      YouTube   (MP4  FLV  WEBM)    (MP3  M4A  OGG)');
INSERT INTO "portfolio_portfolio" VALUES(14,'Job Board',' ','web development',' ','Eng . Mohammed Elnagar','  ','2021-11-13','https://github.com/karim-aboelazm/jobboard','images/78875d22cf18cc96c16d081d91c03cc5256f1cc0.jpg','What is a job board? A job board is a website used by employers to advertise their job vacancies to job seekers. Job seekers can use job boards to search for new job opportunities in their area and profession. Some well-known job board sites are Indeed, Glassdoor, and Careerjet to name a few.','                  .               .          Glassdoor   Careerjet     .');
INSERT INTO "portfolio_portfolio" VALUES(15,'Stock Predictor',' ','Machine Learning',' ','MyTeam','','2021-05-20','https://github.com/karim-aboelazm/graduation-project','images/960x0_JrkwVKj.jpg','A stock market prediction is an attempt to forecast the future value of an individual stock, a particular sector or the market, or the market as a whole. These forecasts generally use fundamental analysis of a company or economy, or technical analysis of charts, or a combination of the two.','                  .                    .');
INSERT INTO "portfolio_portfolio" VALUES(16,'Ionic Voice Assistant','  ','Machine Learning',' ','Student Of OI','  ','2022-06-24','https://github.com/karim-aboelazm/IONIC','images/Difference_between_chatbot_and_virtual_assistant.jpeg','recognition, language processing algorithms, and voice synthesis to listen to specific voice commands and return relevant information or perform specific functions as requested by the user.','                     .');
INSERT INTO "portfolio_portfolio" VALUES(17,'KoGo E-Commerce','   ','web development',' ','Abo Marzoq Elsaudi','  ','2021-11-30','https://github.com/karim-aboelazm/E-Commerce','images/strategies-to-revolutionize-B2B.webp','E-commerce (electronic commerce) is the activity of electronically buying or selling of products on online services or over the Internet. E-commerce draws on technologies such as mobile commerce, electronic funds transfer, supply chain management, Internet marketing, online transaction processing, electronic data interchange (EDI), inventory management systems, and automated data collection systems. E-commerce is in turn driven by the technological advances of the semiconductor industry, and is the largest sector of the electronics industry.','  ( )              .                              (EDI)         .                 .');
INSERT INTO "portfolio_portfolio" VALUES(18,'Py Translator','  ','python','','My-Slef','','2021-08-06','https://github.com/karim-aboelazm/translator','images/images.png','A translator or programming language processor is a generic term that can refer to anything that converts code from one computer language into another.','                     .');
CREATE UNIQUE INDEX "auth_group_permissions_group_id_permission_id_0cd325b0_uniq" ON "auth_group_permissions" ("group_id", "permission_id");
CREATE INDEX IF NOT EXISTS "auth_group_permissions_group_id_b120cbf9" ON "auth_group_permissions" ("group_id");
CREATE INDEX IF NOT EXISTS "auth_group_permissions_permission_id_84c5c92e" ON "auth_group_permissions" ("permission_id");
CREATE UNIQUE INDEX "auth_user_groups_user_id_group_id_94350c0c_uniq" ON "auth_user_groups" ("user_id", "group_id");
CREATE INDEX IF NOT EXISTS "auth_user_groups_user_id_6a12ed8b" ON "auth_user_groups" ("user_id");
CREATE INDEX IF NOT EXISTS "auth_user_groups_group_id_97559544" ON "auth_user_groups" ("group_id");
CREATE UNIQUE INDEX "auth_user_user_permissions_user_id_permission_id_14a6b632_uniq" ON "auth_user_user_permissions" ("user_id", "permission_id");
CREATE INDEX IF NOT EXISTS "auth_user_user_permissions_user_id_a95ead1b" ON "auth_user_user_permissions" ("user_id");
CREATE INDEX IF NOT EXISTS "auth_user_user_permissions_permission_id_1fbb5f2c" ON "auth_user_user_permissions" ("permission_id");
CREATE INDEX IF NOT EXISTS "django_admin_log_content_type_id_c4bce8eb" ON "django_admin_log" ("content_type_id");
CREATE INDEX IF NOT EXISTS "django_admin_log_user_id_c564eba6" ON "django_admin_log" ("user_id");
CREATE UNIQUE INDEX "django_content_type_app_label_model_76bd3d3b_uniq" ON "django_content_type" ("app_label", "model");
CREATE UNIQUE INDEX "auth_permission_content_type_id_codename_01ab375a_uniq" ON "auth_permission" ("content_type_id", "codename");
CREATE INDEX IF NOT EXISTS "auth_permission_content_type_id_2f476e4b" ON "auth_permission" ("content_type_id");
CREATE INDEX IF NOT EXISTS "django_session_expire_date_a5c62663" ON "django_session" ("expire_date");
CREATE INDEX IF NOT EXISTS "portfolio_projectimages_project_id_15d31b95" ON "portfolio_projectimages" ("project_id");
CREATE INDEX IF NOT EXISTS "portfolio_jobs_jobs_for_id_5ff2bcd3" ON "portfolio_jobs" ("jobs_for_id");
CREATE INDEX IF NOT EXISTS "portfolio_course_lectures_course_id_2331758b" ON "portfolio_course_lectures" ("course_id");
CREATE INDEX IF NOT EXISTS "portfolio_course_benefits_course_id_2578314e" ON "portfolio_course_benefits" ("course_id");
CREATE INDEX IF NOT EXISTS "portfolio_course_requirements_course_id_d766a03d" ON "portfolio_course_requirements" ("course_id");
CREATE INDEX IF NOT EXISTS "portfolio_course_reviews_course_id_c0ea4d57" ON "portfolio_course_reviews" ("course_id");
CREATE INDEX IF NOT EXISTS "portfolio_courses_videos_course_id_ad0be848" ON "portfolio_courses_videos" ("course_id");
CREATE TABLE IF NOT EXISTS "portfolio_projectimages" ("id" integer NOT NULL PRIMARY KEY AUTOINCREMENT, "image" varchar(100) NOT NULL, "project_id" bigint NOT NULL REFERENCES "portfolio_portfolio" ("id") DEFERRABLE INITIALLY DEFERRED);
CREATE UNIQUE INDEX "auth_group_permissions_group_id_permission_id_0cd325b0_uniq" ON "auth_group_permissions" ("group_id", "permission_id");
CREATE INDEX IF NOT EXISTS "auth_group_permissions_group_id_b120cbf9" ON "auth_group_permissions" ("group_id");
CREATE INDEX IF NOT EXISTS "auth_group_permissions_permission_id_84c5c92e" ON "auth_group_permissions" ("permission_id");
CREATE UNIQUE INDEX "auth_user_groups_user_id_group_id_94350c0c_uniq" ON "auth_user_groups" ("user_id", "group_id");
CREATE INDEX IF NOT EXISTS "auth_user_groups_user_id_6a12ed8b" ON "auth_user_groups" ("user_id");
CREATE INDEX IF NOT EXISTS "auth_user_groups_group_id_97559544" ON "auth_user_groups" ("group_id");
CREATE UNIQUE INDEX "auth_user_user_permissions_user_id_permission_id_14a6b632_uniq" ON "auth_user_user_permissions" ("user_id", "permission_id");
CREATE INDEX IF NOT EXISTS "auth_user_user_permissions_user_id_a95ead1b" ON "auth_user_user_permissions" ("user_id");
CREATE INDEX IF NOT EXISTS "auth_user_user_permissions_permission_id_1fbb5f2c" ON "auth_user_user_permissions" ("permission_id");
CREATE INDEX IF NOT EXISTS "django_admin_log_content_type_id_c4bce8eb" ON "django_admin_log" ("content_type_id");
CREATE INDEX IF NOT EXISTS "django_admin_log_user_id_c564eba6" ON "django_admin_log" ("user_id");
CREATE UNIQUE INDEX "django_content_type_app_label_model_76bd3d3b_uniq" ON "django_content_type" ("app_label", "model");
CREATE UNIQUE INDEX "auth_permission_content_type_id_codename_01ab375a_uniq" ON "auth_permission" ("content_type_id", "codename");
CREATE INDEX IF NOT EXISTS "auth_permission_content_type_id_2f476e4b" ON "auth_permission" ("content_type_id");
CREATE INDEX IF NOT EXISTS "django_session_expire_date_a5c62663" ON "django_session" ("expire_date");
CREATE INDEX IF NOT EXISTS "portfolio_projectimages_project_id_15d31b95" ON "portfolio_projectimages" ("project_id");
CREATE INDEX IF NOT EXISTS "portfolio_jobs_jobs_for_id_5ff2bcd3" ON "portfolio_jobs" ("jobs_for_id");
CREATE INDEX IF NOT EXISTS "portfolio_course_lectures_course_id_2331758b" ON "portfolio_course_lectures" ("course_id");
CREATE INDEX IF NOT EXISTS "portfolio_course_benefits_course_id_2578314e" ON "portfolio_course_benefits" ("course_id");
CREATE INDEX IF NOT EXISTS "portfolio_course_requirements_course_id_d766a03d" ON "portfolio_course_requirements" ("course_id");
CREATE INDEX IF NOT EXISTS "portfolio_course_reviews_course_id_c0ea4d57" ON "portfolio_course_reviews" ("course_id");
CREATE INDEX IF NOT EXISTS "portfolio_courses_videos_course_id_ad0be848" ON "portfolio_courses_videos" ("course_id");
CREATE TABLE IF NOT EXISTS "portfolio_service" ("id" integer NOT NULL PRIMARY KEY AUTOINCREMENT, "title" varchar(50) NOT NULL, "title_ar" varchar(50) NOT NULL, "description" text NOT NULL, "description_ar" text NOT NULL, "icon" varchar(50) NOT NULL);
INSERT INTO "portfolio_service" VALUES(1,'WEB DESIGN',' ','Web designers plan, create and code internet sites and web pages, many of which combine text with sounds, pictures, graphics and video clips.','                     .','web');
INSERT INTO "portfolio_service" VALUES(2,'WEB DEVELOPMENT',' ','Web development is the work involved in developing a website for the Internet (World Wide Web) or an intranet (a private network).','           (  )    ( ).','public');
INSERT INTO "portfolio_service" VALUES(3,'SOFTWARE DEVELOPMENT',' ','Software development refers to a set of computer science activities dedicated to the process of creating, designing, deploying and supporting software. Software itself is the set of instructions or programs that tell a computer what to do. It is independent of hardware and makes computers programmable.','               .              .         .','code');
INSERT INTO "portfolio_service" VALUES(4,'MACHINE LEARNING',' ','Machine learning is a branch of artificial intelligence (AI) and computer science which focuses on','        (AI)                  .','memory');
INSERT INTO "portfolio_service" VALUES(5,'RESTFUL APIS','   ','API is the acronym for Application Programming Interface, which is a software intermediary that allows two applications to talk to each other. Each time you use an app like Facebook, send an instant message, or check the weather on your phone, you''re using an API.','API               .        Facebook                  .','graphic_eq');
INSERT INTO "portfolio_service" VALUES(6,'DATABASES',' ','A database is an organized collection of structured information, or data, typically stored electronically in a computer system. A database is usually controlled by a database management system (DBMS).','                 .             (DBMS).','dns');
CREATE UNIQUE INDEX "auth_group_permissions_group_id_permission_id_0cd325b0_uniq" ON "auth_group_permissions" ("group_id", "permission_id");
CREATE INDEX IF NOT EXISTS "auth_group_permissions_group_id_b120cbf9" ON "auth_group_permissions" ("group_id");
CREATE INDEX IF NOT EXISTS "auth_group_permissions_permission_id_84c5c92e" ON "auth_group_permissions" ("permission_id");
CREATE UNIQUE INDEX "auth_user_groups_user_id_group_id_94350c0c_uniq" ON "auth_user_groups" ("user_id", "group_id");
CREATE INDEX IF NOT EXISTS "auth_user_groups_user_id_6a12ed8b" ON "auth_user_groups" ("user_id");
CREATE INDEX IF NOT EXISTS "auth_user_groups_group_id_97559544" ON "auth_user_groups" ("group_id");
CREATE UNIQUE INDEX "auth_user_user_permissions_user_id_permission_id_14a6b632_uniq" ON "auth_user_user_permissions" ("user_id", "permission_id");
CREATE INDEX IF NOT EXISTS "auth_user_user_permissions_user_id_a95ead1b" ON "auth_user_user_permissions" ("user_id");
CREATE INDEX IF NOT EXISTS "auth_user_user_permissions_permission_id_1fbb5f2c" ON "auth_user_user_permissions" ("permission_id");
CREATE INDEX IF NOT EXISTS "django_admin_log_content_type_id_c4bce8eb" ON "django_admin_log" ("content_type_id");
CREATE INDEX IF NOT EXISTS "django_admin_log_user_id_c564eba6" ON "django_admin_log" ("user_id");
CREATE UNIQUE INDEX "django_content_type_app_label_model_76bd3d3b_uniq" ON "django_content_type" ("app_label", "model");
CREATE UNIQUE INDEX "auth_permission_content_type_id_codename_01ab375a_uniq" ON "auth_permission" ("content_type_id", "codename");
CREATE INDEX IF NOT EXISTS "auth_permission_content_type_id_2f476e4b" ON "auth_permission" ("content_type_id");
CREATE INDEX IF NOT EXISTS "django_session_expire_date_a5c62663" ON "django_session" ("expire_date");
CREATE INDEX IF NOT EXISTS "portfolio_projectimages_project_id_15d31b95" ON "portfolio_projectimages" ("project_id");
CREATE INDEX IF NOT EXISTS "portfolio_jobs_jobs_for_id_5ff2bcd3" ON "portfolio_jobs" ("jobs_for_id");
CREATE INDEX IF NOT EXISTS "portfolio_course_lectures_course_id_2331758b" ON "portfolio_course_lectures" ("course_id");
CREATE INDEX IF NOT EXISTS "portfolio_course_benefits_course_id_2578314e" ON "portfolio_course_benefits" ("course_id");
CREATE INDEX IF NOT EXISTS "portfolio_course_requirements_course_id_d766a03d" ON "portfolio_course_requirements" ("course_id");
CREATE INDEX IF NOT EXISTS "portfolio_course_reviews_course_id_c0ea4d57" ON "portfolio_course_reviews" ("course_id");
CREATE INDEX IF NOT EXISTS "portfolio_courses_videos_course_id_ad0be848" ON "portfolio_courses_videos" ("course_id");
CREATE TABLE IF NOT EXISTS "portfolio_skill" ("id" integer NOT NULL PRIMARY KEY AUTOINCREMENT, "title" varchar(50) NOT NULL, "rate" integer NOT NULL);
INSERT INTO "portfolio_skill" VALUES(1,'Postgres',80);
INSERT INTO "portfolio_skill" VALUES(2,'Rest Api',70);
INSERT INTO "portfolio_skill" VALUES(3,'Python',93);
INSERT INTO "portfolio_skill" VALUES(4,'Django',88);
CREATE UNIQUE INDEX "auth_group_permissions_group_id_permission_id_0cd325b0_uniq" ON "auth_group_permissions" ("group_id", "permission_id");
CREATE INDEX IF NOT EXISTS "auth_group_permissions_group_id_b120cbf9" ON "auth_group_permissions" ("group_id");
CREATE INDEX IF NOT EXISTS "auth_group_permissions_permission_id_84c5c92e" ON "auth_group_permissions" ("permission_id");
CREATE UNIQUE INDEX "auth_user_groups_user_id_group_id_94350c0c_uniq" ON "auth_user_groups" ("user_id", "group_id");
CREATE INDEX IF NOT EXISTS "auth_user_groups_user_id_6a12ed8b" ON "auth_user_groups" ("user_id");
CREATE INDEX IF NOT EXISTS "auth_user_groups_group_id_97559544" ON "auth_user_groups" ("group_id");
CREATE UNIQUE INDEX "auth_user_user_permissions_user_id_permission_id_14a6b632_uniq" ON "auth_user_user_permissions" ("user_id", "permission_id");
CREATE INDEX IF NOT EXISTS "auth_user_user_permissions_user_id_a95ead1b" ON "auth_user_user_permissions" ("user_id");
CREATE INDEX IF NOT EXISTS "auth_user_user_permissions_permission_id_1fbb5f2c" ON "auth_user_user_permissions" ("permission_id");
CREATE INDEX IF NOT EXISTS "django_admin_log_content_type_id_c4bce8eb" ON "django_admin_log" ("content_type_id");
CREATE INDEX IF NOT EXISTS "django_admin_log_user_id_c564eba6" ON "django_admin_log" ("user_id");
CREATE UNIQUE INDEX "django_content_type_app_label_model_76bd3d3b_uniq" ON "django_content_type" ("app_label", "model");
CREATE UNIQUE INDEX "auth_permission_content_type_id_codename_01ab375a_uniq" ON "auth_permission" ("content_type_id", "codename");
CREATE INDEX IF NOT EXISTS "auth_permission_content_type_id_2f476e4b" ON "auth_permission" ("content_type_id");
CREATE INDEX IF NOT EXISTS "django_session_expire_date_a5c62663" ON "django_session" ("expire_date");
CREATE INDEX IF NOT EXISTS "portfolio_projectimages_project_id_15d31b95" ON "portfolio_projectimages" ("project_id");
CREATE INDEX IF NOT EXISTS "portfolio_jobs_jobs_for_id_5ff2bcd3" ON "portfolio_jobs" ("jobs_for_id");
CREATE INDEX IF NOT EXISTS "portfolio_course_lectures_course_id_2331758b" ON "portfolio_course_lectures" ("course_id");
CREATE INDEX IF NOT EXISTS "portfolio_course_benefits_course_id_2578314e" ON "portfolio_course_benefits" ("course_id");
CREATE INDEX IF NOT EXISTS "portfolio_course_requirements_course_id_d766a03d" ON "portfolio_course_requirements" ("course_id");
CREATE INDEX IF NOT EXISTS "portfolio_course_reviews_course_id_c0ea4d57" ON "portfolio_course_reviews" ("course_id");
CREATE INDEX IF NOT EXISTS "portfolio_courses_videos_course_id_ad0be848" ON "portfolio_courses_videos" ("course_id");
CREATE TABLE IF NOT EXISTS "portfolio_statistics" ("id" integer NOT NULL PRIMARY KEY AUTOINCREMENT, "title" varchar(50) NOT NULL, "title_ar" varchar(50) NOT NULL, "number" integer NOT NULL, "icon" varchar(50) NOT NULL);
INSERT INTO "portfolio_statistics" VALUES(1,'WORKS COMPLETED',' ',70,'done');
INSERT INTO "portfolio_statistics" VALUES(2,'YEARS OF EXPERIENCE',' ',3,'date_range');
INSERT INTO "portfolio_statistics" VALUES(3,'TOTAL CLIENTS',' ',200,'people');
INSERT INTO "portfolio_statistics" VALUES(4,'AWARD WON',' ',50,'spa');
CREATE UNIQUE INDEX "auth_group_permissions_group_id_permission_id_0cd325b0_uniq" ON "auth_group_permissions" ("group_id", "permission_id");
CREATE INDEX IF NOT EXISTS "auth_group_permissions_group_id_b120cbf9" ON "auth_group_permissions" ("group_id");
CREATE INDEX IF NOT EXISTS "auth_group_permissions_permission_id_84c5c92e" ON "auth_group_permissions" ("permission_id");
CREATE UNIQUE INDEX "auth_user_groups_user_id_group_id_94350c0c_uniq" ON "auth_user_groups" ("user_id", "group_id");
CREATE INDEX IF NOT EXISTS "auth_user_groups_user_id_6a12ed8b" ON "auth_user_groups" ("user_id");
CREATE INDEX IF NOT EXISTS "auth_user_groups_group_id_97559544" ON "auth_user_groups" ("group_id");
CREATE UNIQUE INDEX "auth_user_user_permissions_user_id_permission_id_14a6b632_uniq" ON "auth_user_user_permissions" ("user_id", "permission_id");
CREATE INDEX IF NOT EXISTS "auth_user_user_permissions_user_id_a95ead1b" ON "auth_user_user_permissions" ("user_id");
CREATE INDEX IF NOT EXISTS "auth_user_user_permissions_permission_id_1fbb5f2c" ON "auth_user_user_permissions" ("permission_id");
CREATE INDEX IF NOT EXISTS "django_admin_log_content_type_id_c4bce8eb" ON "django_admin_log" ("content_type_id");
CREATE INDEX IF NOT EXISTS "django_admin_log_user_id_c564eba6" ON "django_admin_log" ("user_id");
CREATE UNIQUE INDEX "django_content_type_app_label_model_76bd3d3b_uniq" ON "django_content_type" ("app_label", "model");
CREATE UNIQUE INDEX "auth_permission_content_type_id_codename_01ab375a_uniq" ON "auth_permission" ("content_type_id", "codename");
CREATE INDEX IF NOT EXISTS "auth_permission_content_type_id_2f476e4b" ON "auth_permission" ("content_type_id");
CREATE INDEX IF NOT EXISTS "django_session_expire_date_a5c62663" ON "django_session" ("expire_date");
CREATE INDEX IF NOT EXISTS "portfolio_projectimages_project_id_15d31b95" ON "portfolio_projectimages" ("project_id");
CREATE INDEX IF NOT EXISTS "portfolio_jobs_jobs_for_id_5ff2bcd3" ON "portfolio_jobs" ("jobs_for_id");
CREATE INDEX IF NOT EXISTS "portfolio_course_lectures_course_id_2331758b" ON "portfolio_course_lectures" ("course_id");
CREATE INDEX IF NOT EXISTS "portfolio_course_benefits_course_id_2578314e" ON "portfolio_course_benefits" ("course_id");
CREATE INDEX IF NOT EXISTS "portfolio_course_requirements_course_id_d766a03d" ON "portfolio_course_requirements" ("course_id");
CREATE INDEX IF NOT EXISTS "portfolio_course_reviews_course_id_c0ea4d57" ON "portfolio_course_reviews" ("course_id");
CREATE INDEX IF NOT EXISTS "portfolio_courses_videos_course_id_ad0be848" ON "portfolio_courses_videos" ("course_id");
CREATE TABLE IF NOT EXISTS "portfolio_testimonial" ("id" integer NOT NULL PRIMARY KEY AUTOINCREMENT, "name" varchar(50) NOT NULL, "name_ar" varchar(50) NOT NULL, "job" varchar(50) NOT NULL, "job_ar" varchar(50) NOT NULL, "image" varchar(100) NOT NULL, "description" text NOT NULL, "description_ar" text NOT NULL);
INSERT INTO "portfolio_testimonial" VALUES(3,'Dr Kamal Shebl','  ','Professor in Managemant','    ','images/291338107_10158724733812050_1409912083627243958_n.jpg','Your position now will be higher in the future if you work on it and develop it. Now all you have to do is pursue your dreams and also reach your goal','              .              ');
INSERT INTO "portfolio_testimonial" VALUES(4,'Dr Ahmed Salah','  ','Professor in Machine Learning','    ','images/WhatsApp_Image_2022-09-11_at_2.02.23_PM.jpeg','The most dangerous enemy you can have is yourself. When you limit yourself with the opportunities- and believe that you can''t do something big- reaching success can be difficult. Keep high confidence in your capabilities. Believe that you are bound to make great things happen.','       .     -        -     .      .      .');
INSERT INTO "portfolio_testimonial" VALUES(5,'Dr Mohammed Abdelbaset','  ','Professor',' ','images/WhatsApp_Image_2022-09-11_at_2.14.40_PM.jpeg','If you want to create a successful name in the field you have chosen, make sure to work for it the hard way. You can''t expect success in your job when you''re not doing anything at all. Planning and dreaming are both useless when proper actions are not implemented.','                .              .           .');
CREATE UNIQUE INDEX "auth_group_permissions_group_id_permission_id_0cd325b0_uniq" ON "auth_group_permissions" ("group_id", "permission_id");
CREATE INDEX IF NOT EXISTS "auth_group_permissions_group_id_b120cbf9" ON "auth_group_permissions" ("group_id");
CREATE INDEX IF NOT EXISTS "auth_group_permissions_permission_id_84c5c92e" ON "auth_group_permissions" ("permission_id");
CREATE UNIQUE INDEX "auth_user_groups_user_id_group_id_94350c0c_uniq" ON "auth_user_groups" ("user_id", "group_id");
CREATE INDEX IF NOT EXISTS "auth_user_groups_user_id_6a12ed8b" ON "auth_user_groups" ("user_id");
CREATE INDEX IF NOT EXISTS "auth_user_groups_group_id_97559544" ON "auth_user_groups" ("group_id");
CREATE UNIQUE INDEX "auth_user_user_permissions_user_id_permission_id_14a6b632_uniq" ON "auth_user_user_permissions" ("user_id", "permission_id");
CREATE INDEX IF NOT EXISTS "auth_user_user_permissions_user_id_a95ead1b" ON "auth_user_user_permissions" ("user_id");
CREATE INDEX IF NOT EXISTS "auth_user_user_permissions_permission_id_1fbb5f2c" ON "auth_user_user_permissions" ("permission_id");
CREATE INDEX IF NOT EXISTS "django_admin_log_content_type_id_c4bce8eb" ON "django_admin_log" ("content_type_id");
CREATE INDEX IF NOT EXISTS "django_admin_log_user_id_c564eba6" ON "django_admin_log" ("user_id");
CREATE UNIQUE INDEX "django_content_type_app_label_model_76bd3d3b_uniq" ON "django_content_type" ("app_label", "model");
CREATE UNIQUE INDEX "auth_permission_content_type_id_codename_01ab375a_uniq" ON "auth_permission" ("content_type_id", "codename");
CREATE INDEX IF NOT EXISTS "auth_permission_content_type_id_2f476e4b" ON "auth_permission" ("content_type_id");
CREATE INDEX IF NOT EXISTS "django_session_expire_date_a5c62663" ON "django_session" ("expire_date");
CREATE INDEX IF NOT EXISTS "portfolio_projectimages_project_id_15d31b95" ON "portfolio_projectimages" ("project_id");
CREATE INDEX IF NOT EXISTS "portfolio_jobs_jobs_for_id_5ff2bcd3" ON "portfolio_jobs" ("jobs_for_id");
CREATE INDEX IF NOT EXISTS "portfolio_course_lectures_course_id_2331758b" ON "portfolio_course_lectures" ("course_id");
CREATE INDEX IF NOT EXISTS "portfolio_course_benefits_course_id_2578314e" ON "portfolio_course_benefits" ("course_id");
CREATE INDEX IF NOT EXISTS "portfolio_course_requirements_course_id_d766a03d" ON "portfolio_course_requirements" ("course_id");
CREATE INDEX IF NOT EXISTS "portfolio_course_reviews_course_id_c0ea4d57" ON "portfolio_course_reviews" ("course_id");
CREATE INDEX IF NOT EXISTS "portfolio_courses_videos_course_id_ad0be848" ON "portfolio_courses_videos" ("course_id");
